date,crop,price,state
2025-03-01,Maize,2341.58,India
2025-02-01,Maize,2356.01,India
2025-01-01,Maize,2382.2,India
2024-12-01,Maize,2328.78,India
2024-11-01,Maize,2273.46,India
2024-10-01,Maize,2237.98,India
2024-09-01,Maize,2393.13,India
2024-08-01,Maize,2456.74,India
2024-07-01,Maize,2338.06,India
2024-06-01,Maize,2174.73,India
2024-05-01,Maize,2160.46,India
2024-04-01,Maize,2127.54,India
2024-03-01,Maize,2153.6,India
2024-02-01,Maize,2149.41,India
2024-01-01,Maize,2126.57,India
2023-12-01,Maize,2092.06,India
2023-11-01,Maize,2073.47,India
2023-10-01,Maize,1965.06,India
2023-09-01,Maize,2024.29,India
2023-08-01,Maize,2145.24,India
2023-07-01,Maize,1984.76,India
2023-06-01,Maize,1871.36,India
2023-05-01,Maize,1890.47,India
2023-04-01,Maize,2005.26,India
2023-03-01,Maize,2093.35,India
2023-02-01,Maize,2104.84,India
2023-01-01,Maize,2127.73,India
2022-12-01,Maize,2086.54,India
2022-11-01,Maize,2007.96,India
2022-10-01,Maize,1947.74,India
2022-09-01,Maize,2111.81,India
2022-08-01,Maize,2144.26,India
2022-07-01,Maize,2066.51,India
2022-06-01,Maize,2028.96,India
2022-05-01,Maize,2039.46,India
2022-04-01,Maize,2044.89,India
2022-03-01,Maize,1979.05,India
2022-02-01,Maize,1833.29,India
2022-01-01,Maize,1718.96,India
2021-12-01,Maize,1623.77,India
2021-11-01,Maize,1594.7,India
2021-10-01,Maize,1571.24,India
2021-09-01,Maize,1690.47,India
2021-08-01,Maize,1720.55,India
2021-07-01,Maize,1661.78,India
2021-06-01,Maize,1556.74,India
2021-05-01,Maize,1516.83,India
2021-04-01,Maize,1476.87,India
2021-03-01,Maize,1413.44,India
2021-02-01,Maize,1344.75,India
2021-01-01,Maize,1377.77,India
2020-12-01,Maize,1419.01,India
2020-11-01,Maize,1415.24,India
2020-10-01,Maize,1278.8,India
2020-09-01,Maize,1277.05,India
2020-08-01,Maize,1304.89,India
2020-07-01,Maize,1338.15,India
2020-06-01,Maize,1367.7,India
2020-05-01,Maize,1384.91,India
2020-04-01,Maize,1547.57,India
2020-03-01,Maize,1578.73,India
2020-02-01,Maize,1704.79,India
2020-01-01,Maize,1852.75,India
2019-12-01,Maize,1862.85,India
2019-11-01,Maize,1740.8,India
2019-10-01,Maize,1860.45,India
2019-09-01,Maize,1972.05,India
2019-08-01,Maize,2000.79,India
2019-07-01,Maize,1967.68,India
2019-06-01,Maize,1894.12,India
2019-05-01,Maize,1932.18,India
2019-04-01,Maize,1951.69,India
2019-03-01,Maize,1845.83,India
2019-02-01,Maize,1839.28,India
2019-01-01,Maize,1687.79,India
2018-12-01,Maize,1577.7,India
2018-11-01,Maize,1426.14,India
2018-10-01,Maize,1394.96,India
2018-09-01,Maize,1383.72,India
2018-08-01,Maize,1353.57,India
2018-07-01,Maize,1313.76,India
2018-06-01,Maize,1297.7,India
2018-05-01,Maize,1277.06,India
2018-04-01,Maize,1253.78,India
2018-03-01,Maize,1244.13,India
2018-02-01,Maize,1254.13,India
2018-01-01,Maize,1247.34,India
2017-12-01,Maize,1240.38,India
2017-11-01,Maize,1224.57,India
2017-10-01,Maize,1277.21,India
2017-09-01,Maize,1351.91,India
2017-08-01,Maize,1387.85,India
2017-07-01,Maize,1391.81,India
2017-06-01,Maize,1392.3,India
2017-05-01,Maize,1421.72,India
2017-04-01,Maize,1425.32,India
2017-03-01,Maize,1427.25,India
2017-02-01,Maize,1431.6,India
2017-01-01,Maize,1416.83,India
2016-12-01,Maize,1390.49,India
2016-11-01,Maize,1380.87,India
2016-10-01,Maize,1419.52,India
2016-09-01,Maize,1534.8,India
2016-08-01,Maize,1568.38,India
2016-07-01,Maize,1567.04,India
2016-06-01,Maize,1517.49,India
2016-05-01,Maize,1445.77,India
2016-04-01,Maize,1429.5,India
2016-03-01,Maize,1445.97,India
2016-02-01,Maize,1447.6,India
2016-01-01,Maize,1448.13,India
2015-12-01,Maize,1437.79,India
2015-11-01,Maize,1397.88,India
2015-10-01,Maize,1375.91,India
2015-09-01,Maize,1405.0,India
2015-08-01,Maize,1352.01,India
2015-07-01,Maize,1316.21,India
2015-06-01,Maize,1282.68,India
2015-05-01,Maize,1284.25,India
2015-04-01,Maize,1296.07,India
2015-03-01,Maize,1293.69,India
2015-02-01,Maize,1262.78,India
2015-01-01,Maize,1246.63,India
2014-12-01,Maize,1217.7,India
2014-11-01,Maize,1216.6,India
2014-10-01,Maize,1238.12,India
2014-09-01,Maize,1287.07,India
2014-08-01,Maize,1318.03,India
2014-07-01,Maize,1290.9,India
2014-06-01,Maize,1271.88,India
2014-05-01,Maize,1287.37,India
2014-04-01,Maize,1294.91,India
2014-03-01,Maize,1290.29,India
2014-02-01,Maize,1266.1,India
2014-01-01,Maize,1269.45,India
2013-12-01,Maize,1298.67,India
2013-11-01,Maize,1311.8,India
2013-10-01,Maize,1328.57,India
2013-09-01,Maize,1384.58,India
2013-08-01,Maize,1362.83,India
2013-07-01,Maize,1367.22,India
2013-06-01,Maize,1336.56,India
2013-05-01,Maize,1272.34,India
2013-04-01,Maize,1296.86,India
2013-03-01,Maize,1310.69,India
2013-02-01,Maize,1310.48,India
2013-01-01,Maize,1319.1,India
2012-12-01,Maize,1319.59,India
2012-11-01,Maize,1249.83,India
2012-10-01,Maize,1221.77,India
2012-09-01,Maize,1260.12,India
2012-08-01,Maize,1241.63,India
2012-07-01,Maize,1180.79,India
2012-06-01,Maize,1072.7,India
2012-05-01,Maize,1080.98,India
2012-04-01,Maize,1122.4,India
2012-03-01,Maize,1115.02,India
2012-02-01,Maize,1108.48,India
2012-01-01,Maize,1100.3,India
2011-12-01,Maize,1030.97,India
2011-11-01,Maize,998.14,India
2011-10-01,Maize,974.87,India
2011-09-01,Maize,1025.9,India
2011-08-01,Maize,1073.85,India
2011-07-01,Maize,1091.74,India
2011-06-01,Maize,1087.63,India
2011-05-01,Maize,1076.34,India
2011-04-01,Maize,1088.7,India
2011-03-01,Maize,1004.07,India
2011-02-01,Maize,951.73,India
2011-01-01,Maize,938.75,India
2010-12-01,Maize,904.58,India
2010-11-01,Maize,906.49,India
2010-10-01,Maize,925.74,India
2010-09-01,Maize,975.81,India
2010-08-01,Maize,977.09,India
2010-07-01,Maize,990.22,India
2010-06-01,Maize,948.83,India
2010-05-01,Maize,903.84,India
2010-04-01,Maize,904.26,India
2010-03-01,Maize,892.99,India
2010-02-01,Maize,900.92,India
2010-01-01,Maize,901.75,India
2025-03-01,Wheat,2730.88,India
2025-02-01,Wheat,2891.92,India
2025-01-01,Wheat,2929.33,India
2024-12-01,Wheat,2816.44,India
2024-11-01,Wheat,2809.21,India
2024-10-01,Wheat,2727.4,India
2024-09-01,Wheat,2628.79,India
2024-08-01,Wheat,2581.02,India
2024-07-01,Wheat,2510.78,India
2024-06-01,Wheat,2469.96,India
2024-05-01,Wheat,2421.74,India
2024-04-01,Wheat,2385.14,India
2024-03-01,Wheat,2430.32,India
2024-02-01,Wheat,2459.65,India
2024-01-01,Wheat,2541.99,India
2023-12-01,Wheat,2527.54,India
2023-11-01,Wheat,2559.27,India
2023-10-01,Wheat,2470.39,India
2023-09-01,Wheat,2399.73,India
2023-08-01,Wheat,2420.29,India
2023-07-01,Wheat,2295.88,India
2023-06-01,Wheat,2276.12,India
2023-05-01,Wheat,2229.2,India
2023-04-01,Wheat,2204.92,India
2023-03-01,Wheat,2249.98,India
2023-02-01,Wheat,2477.88,India
2023-01-01,Wheat,2672.07,India
2022-12-01,Wheat,2565.7,India
2022-11-01,Wheat,2477.68,India
2022-10-01,Wheat,2310.44,India
2022-09-01,Wheat,2262.45,India
2022-08-01,Wheat,2254.57,India
2022-07-01,Wheat,2132.43,India
2022-06-01,Wheat,2073.7,India
2022-05-01,Wheat,2125.76,India
2022-04-01,Wheat,2113.39,India
2022-03-01,Wheat,2100.39,India
2022-02-01,Wheat,1988.49,India
2022-01-01,Wheat,1965.45,India
2021-12-01,Wheat,1950.14,India
2021-11-01,Wheat,1947.59,India
2021-10-01,Wheat,1915.57,India
2021-09-01,Wheat,1871.44,India
2021-08-01,Wheat,1787.63,India
2021-07-01,Wheat,1768.06,India
2021-06-01,Wheat,1822.91,India
2021-05-01,Wheat,1911.54,India
2021-04-01,Wheat,1887.38,India
2021-03-01,Wheat,1749.94,India
2021-02-01,Wheat,1731.81,India
2021-01-01,Wheat,1741.35,India
2020-12-01,Wheat,1663.38,India
2020-11-01,Wheat,1706.73,India
2020-10-01,Wheat,1684.33,India
2020-09-01,Wheat,1701.05,India
2020-08-01,Wheat,1782.08,India
2020-07-01,Wheat,1835.6,India
2020-06-01,Wheat,1868.32,India
2020-05-01,Wheat,1907.29,India
2020-04-01,Wheat,1926.64,India
2020-03-01,Wheat,1923.22,India
2020-02-01,Wheat,2060.85,India
2020-01-01,Wheat,2126.37,India
2019-12-01,Wheat,2068.61,India
2019-11-01,Wheat,2048.83,India
2019-10-01,Wheat,2003.45,India
2019-09-01,Wheat,1968.81,India
2019-08-01,Wheat,1972.14,India
2019-07-01,Wheat,1911.66,India
2019-06-01,Wheat,1879.2,India
2019-05-01,Wheat,1882.64,India
2019-04-01,Wheat,1860.49,India
2019-03-01,Wheat,1926.27,India
2019-02-01,Wheat,1981.2,India
2019-01-01,Wheat,1988.05,India
2018-12-01,Wheat,1959.32,India
2018-11-01,Wheat,1934.13,India
2018-10-01,Wheat,1899.07,India
2018-09-01,Wheat,1877.19,India
2018-08-01,Wheat,1869.65,India
2018-07-01,Wheat,1804.62,India
2018-06-01,Wheat,1756.9,India
2018-05-01,Wheat,1749.48,India
2018-04-01,Wheat,1729.73,India
2018-03-01,Wheat,1702.47,India
2018-02-01,Wheat,1678.3,India
2018-01-01,Wheat,1677.17,India
2017-12-01,Wheat,1662.37,India
2017-11-01,Wheat,1657.94,India
2017-10-01,Wheat,1638.26,India
2017-09-01,Wheat,1639.31,India
2017-08-01,Wheat,1647.98,India
2017-07-01,Wheat,1640.19,India
2017-06-01,Wheat,1648.55,India
2017-05-01,Wheat,1671.64,India
2017-04-01,Wheat,1677.46,India
2017-03-01,Wheat,1722.02,India
2017-02-01,Wheat,1837.55,India
2017-01-01,Wheat,1888.46,India
2016-12-01,Wheat,1907.5,India
2016-11-01,Wheat,1906.67,India
2016-10-01,Wheat,1760.93,India
2016-09-01,Wheat,1746.23,India
2016-08-01,Wheat,1752.82,India
2016-07-01,Wheat,1740.92,India
2016-06-01,Wheat,1729.18,India
2016-05-01,Wheat,1663.35,India
2016-04-01,Wheat,1630.96,India
2016-03-01,Wheat,1687.5,India
2016-02-01,Wheat,1704.4,India
2016-01-01,Wheat,1700.67,India
2015-12-01,Wheat,1671.4,India
2015-11-01,Wheat,1644.58,India
2015-10-01,Wheat,1620.94,India
2015-09-01,Wheat,1556.85,India
2015-08-01,Wheat,1535.24,India
2015-07-01,Wheat,1531.83,India
2015-06-01,Wheat,1531.15,India
2015-05-01,Wheat,1523.75,India
2015-04-01,Wheat,1526.3,India
2015-03-01,Wheat,1558.81,India
2015-02-01,Wheat,1590.13,India
2015-01-01,Wheat,1622.55,India
2014-12-01,Wheat,1571.9,India
2014-11-01,Wheat,1558.58,India
2014-10-01,Wheat,1530.53,India
2014-09-01,Wheat,1635.58,India
2014-08-01,Wheat,1573.63,India
2014-07-01,Wheat,1545.7,India
2014-06-01,Wheat,1520.61,India
2014-05-01,Wheat,1540.28,India
2014-04-01,Wheat,1552.83,India
2014-03-01,Wheat,1647.1,India
2014-02-01,Wheat,1697.11,India
2014-01-01,Wheat,1711.22,India
2013-12-01,Wheat,1685.31,India
2013-11-01,Wheat,1658.27,India
2013-10-01,Wheat,1587.48,India
2013-09-01,Wheat,1544.04,India
2013-08-01,Wheat,1524.62,India
2013-07-01,Wheat,1550.57,India
2013-06-01,Wheat,1571.73,India
2013-05-01,Wheat,1534.63,India
2013-04-01,Wheat,1504.9,India
2013-03-01,Wheat,1558.58,India
2013-02-01,Wheat,1598.55,India
2013-01-01,Wheat,1564.73,India
2012-12-01,Wheat,1551.28,India
2012-11-01,Wheat,1536.78,India
2012-10-01,Wheat,1462.5,India
2012-09-01,Wheat,1495.97,India
2012-08-01,Wheat,1448.42,India
2012-07-01,Wheat,1326.82,India
2012-06-01,Wheat,1256.77,India
2012-05-01,Wheat,1292.99,India
2012-04-01,Wheat,1288.67,India
2012-03-01,Wheat,1247.21,India
2012-02-01,Wheat,1196.12,India
2012-01-01,Wheat,1189.65,India
2011-12-01,Wheat,1124.0,India
2011-11-01,Wheat,1117.54,India
2011-10-01,Wheat,1094.55,India
2011-09-01,Wheat,1111.09,India
2011-08-01,Wheat,1134.02,India
2011-07-01,Wheat,1156.79,India
2011-06-01,Wheat,1164.28,India
2011-05-01,Wheat,1204.82,India
2011-04-01,Wheat,1213.22,India
2011-03-01,Wheat,1262.22,India
2011-02-01,Wheat,1311.63,India
2011-01-01,Wheat,1317.93,India
2010-12-01,Wheat,1293.93,India
2010-11-01,Wheat,1267.93,India
2010-10-01,Wheat,1237.74,India
2010-09-01,Wheat,1227.21,India
2010-08-01,Wheat,1241.78,India
2010-07-01,Wheat,1243.06,India
2010-06-01,Wheat,1239.27,India
2010-05-01,Wheat,1213.96,India
2010-04-01,Wheat,1204.13,India
2010-03-01,Wheat,1266.79,India
2010-02-01,Wheat,1364.98,India
2010-01-01,Wheat,1424.16,India
2025-03-01,Rice,3647.06,India
2025-02-01,Rice,3635.0,India
2025-01-01,Rice,3605.33,India
2024-12-01,Rice,3608.76,India
2024-11-01,Rice,3598.93,India
2024-10-01,Rice,3591.53,India
2024-09-01,Rice,3573.16,India
2024-08-01,Rice,3536.46,India
2024-07-01,Rice,3493.32,India
2024-06-01,Rice,3429.79,India
2024-05-01,Rice,3421.72,India
2024-04-01,Rice,3393.99,India
2024-03-01,Rice,3422.89,India
2024-02-01,Rice,3367.13,India
2024-01-01,Rice,3314.9,India
2023-12-01,Rice,3317.97,India
2023-11-01,Rice,3328.95,India
2023-10-01,Rice,3290.3,India
2023-09-01,Rice,3259.03,India
2023-08-01,Rice,3296.34,India
2023-07-01,Rice,3174.68,India
2023-06-01,Rice,3085.42,India
2023-05-01,Rice,3055.08,India
2023-04-01,Rice,3016.2,India
2023-03-01,Rice,3013.14,India
2023-02-01,Rice,3021.26,India
2023-01-01,Rice,2974.22,India
2022-12-01,Rice,2940.66,India
2022-11-01,Rice,2976.4,India
2022-10-01,Rice,3005.4,India
2022-09-01,Rice,3056.95,India
2022-08-01,Rice,3012.76,India
2022-07-01,Rice,2913.43,India
2022-06-01,Rice,2909.83,India
2022-05-01,Rice,2883.65,India
2022-04-01,Rice,2875.61,India
2022-03-01,Rice,2867.78,India
2022-02-01,Rice,2853.52,India
2022-01-01,Rice,2838.62,India
2021-12-01,Rice,2783.81,India
2021-11-01,Rice,2793.28,India
2021-10-01,Rice,2763.15,India
2021-09-01,Rice,2737.35,India
2021-08-01,Rice,2740.39,India
2021-07-01,Rice,2747.31,India
2021-06-01,Rice,2738.9,India
2021-05-01,Rice,2740.06,India
2021-04-01,Rice,2706.23,India
2021-03-01,Rice,2683.44,India
2021-02-01,Rice,2663.19,India
2021-01-01,Rice,2635.48,India
2020-12-01,Rice,2634.32,India
2020-11-01,Rice,2687.72,India
2020-10-01,Rice,2715.19,India
2020-09-01,Rice,2771.94,India
2020-08-01,Rice,2790.37,India
2020-07-01,Rice,2801.72,India
2020-06-01,Rice,2801.11,India
2020-05-01,Rice,2834.09,India
2020-04-01,Rice,2829.43,India
2020-03-01,Rice,2799.61,India
2020-02-01,Rice,2778.45,India
2020-01-01,Rice,2768.89,India
2019-12-01,Rice,2821.01,India
2019-11-01,Rice,2850.89,India
2019-10-01,Rice,2827.6,India
2019-09-01,Rice,2818.5,India
2019-08-01,Rice,2806.5,India
2019-07-01,Rice,2788.21,India
2019-06-01,Rice,2796.77,India
2019-05-01,Rice,2809.56,India
2019-04-01,Rice,2793.39,India
2019-03-01,Rice,2776.12,India
2019-02-01,Rice,2766.87,India
2019-01-01,Rice,2746.78,India
2018-12-01,Rice,2740.85,India
2018-11-01,Rice,2755.73,India
2018-10-01,Rice,2769.43,India
2018-09-01,Rice,2783.13,India
2018-08-01,Rice,2825.6,India
2018-07-01,Rice,2820.44,India
2018-06-01,Rice,2796.17,India
2018-05-01,Rice,2792.35,India
2018-04-01,Rice,2728.02,India
2018-03-01,Rice,2766.74,India
2018-02-01,Rice,2761.51,India
2018-01-01,Rice,2740.63,India
2017-12-01,Rice,2762.88,India
2017-11-01,Rice,2802.52,India
2017-10-01,Rice,2775.46,India
2017-09-01,Rice,2748.8,India
2017-08-01,Rice,2767.43,India
2017-07-01,Rice,2762.76,India
2017-06-01,Rice,2767.61,India
2017-05-01,Rice,2759.07,India
2017-04-01,Rice,2731.93,India
2017-03-01,Rice,2716.14,India
2017-02-01,Rice,2690.47,India
2017-01-01,Rice,2672.57,India
2016-12-01,Rice,2716.73,India
2016-11-01,Rice,2743.5,India
2016-10-01,Rice,2741.24,India
2016-09-01,Rice,2723.31,India
2016-08-01,Rice,2814.89,India
2016-07-01,Rice,2713.33,India
2016-06-01,Rice,2689.31,India
2016-05-01,Rice,2603.89,India
2016-04-01,Rice,2556.15,India
2016-03-01,Rice,2596.18,India
2016-02-01,Rice,2610.14,India
2016-01-01,Rice,2614.46,India
2015-12-01,Rice,2637.06,India
2015-11-01,Rice,2601.59,India
2015-10-01,Rice,2598.12,India
2015-09-01,Rice,2582.35,India
2015-08-01,Rice,2554.54,India
2015-07-01,Rice,2583.5,India
2015-06-01,Rice,2549.67,India
2015-05-01,Rice,2501.36,India
2015-04-01,Rice,2489.54,India
2015-03-01,Rice,2522.88,India
2015-02-01,Rice,2509.01,India
2015-01-01,Rice,2530.31,India
2014-12-01,Rice,2558.1,India
2014-11-01,Rice,2651.45,India
2014-10-01,Rice,2647.42,India
2014-09-01,Rice,2659.17,India
2014-08-01,Rice,2670.8,India
2014-07-01,Rice,2660.12,India
2014-06-01,Rice,2650.67,India
2014-05-01,Rice,2631.67,India
2014-04-01,Rice,2624.61,India
2014-03-01,Rice,2610.11,India
2014-02-01,Rice,2587.11,India
2014-01-01,Rice,2530.48,India
2013-12-01,Rice,2575.56,India
2013-11-01,Rice,2578.87,India
2013-10-01,Rice,2549.43,India
2013-09-01,Rice,2526.25,India
2013-08-01,Rice,2509.56,India
2013-07-01,Rice,2559.94,India
2013-06-01,Rice,2470.67,India
2013-05-01,Rice,2398.4,India
2013-04-01,Rice,2344.48,India
2013-03-01,Rice,2361.41,India
2013-02-01,Rice,2332.25,India
2013-01-01,Rice,2275.42,India
2012-12-01,Rice,2258.15,India
2012-11-01,Rice,2231.56,India
2012-10-01,Rice,2235.47,India
2012-09-01,Rice,2193.84,India
2012-08-01,Rice,2166.2,India
2012-07-01,Rice,2130.28,India
2012-06-01,Rice,2070.5,India
2012-05-01,Rice,2063.41,India
2012-04-01,Rice,2016.18,India
2012-03-01,Rice,2023.86,India
2012-02-01,Rice,1976.29,India
2012-01-01,Rice,1973.31,India
2011-12-01,Rice,1965.86,India
2011-11-01,Rice,1947.31,India
2011-10-01,Rice,1946.79,India
2011-09-01,Rice,1961.12,India
2011-08-01,Rice,1958.82,India
2011-07-01,Rice,1947.34,India
2011-06-01,Rice,1966.48,India
2011-05-01,Rice,1968.13,India
2011-04-01,Rice,1938.23,India
2011-03-01,Rice,1971.7,India
2011-02-01,Rice,1955.19,India
2011-01-01,Rice,1963.52,India
2010-12-01,Rice,1964.87,India
2010-11-01,Rice,1986.89,India
2010-10-01,Rice,1997.93,India
2010-09-01,Rice,2001.38,India
2010-08-01,Rice,1982.23,India
2010-07-01,Rice,1972.95,India
2010-06-01,Rice,1913.83,India
2010-05-01,Rice,1882.14,India
2010-04-01,Rice,1861.71,India
2010-03-01,Rice,1864.36,India
2010-02-01,Rice,1874.94,India
2010-01-01,Rice,1874.0,India
2025-03-01,Sugar,4152.2,India
2025-02-01,Sugar,4152.04,India
2025-01-01,Sugar,4160.72,India
2024-12-01,Sugar,4116.66,India
2024-11-01,Sugar,4186.92,India
2024-10-01,Sugar,4143.48,India
2024-09-01,Sugar,4158.9,India
2024-08-01,Sugar,4101.68,India
2024-07-01,Sugar,4462.44,India
2024-06-01,Sugar,4140.38,India
2024-05-01,Sugar,4081.0,India
2024-04-01,Sugar,4007.14,India
2024-03-01,Sugar,3985.93,India
2024-02-01,Sugar,4026.7,India
2024-01-01,Sugar,4055.6,India
2023-12-01,Sugar,4086.75,India
2023-11-01,Sugar,4097.74,India
2023-10-01,Sugar,4027.77,India
2023-09-01,Sugar,3975.91,India
2023-08-01,Sugar,3905.32,India
2023-07-01,Sugar,3886.65,India
2023-06-01,Sugar,3862.44,India
2023-05-01,Sugar,3842.54,India
2023-04-01,Sugar,3840.27,India
2023-03-01,Sugar,3769.13,India
2023-02-01,Sugar,3764.78,India
2023-01-01,Sugar,3821.33,India
2022-12-01,Sugar,3835.53,India
2022-11-01,Sugar,3868.09,India
2022-10-01,Sugar,3858.68,India
2022-09-01,Sugar,3788.38,India
2022-08-01,Sugar,3783.72,India
2022-07-01,Sugar,3733.03,India
2022-06-01,Sugar,3740.11,India
2022-05-01,Sugar,3755.94,India
2022-04-01,Sugar,3736.47,India
2022-03-01,Sugar,3747.81,India
2022-02-01,Sugar,3699.78,India
2022-01-01,Sugar,3697.52,India
2021-12-01,Sugar,3716.93,India
2021-11-01,Sugar,3804.62,India
2021-10-01,Sugar,3812.5,India
2021-09-01,Sugar,3741.63,India
2021-08-01,Sugar,3573.62,India
2021-07-01,Sugar,3483.6,India
2021-06-01,Sugar,3553.67,India
2021-05-01,Sugar,3568.12,India
2021-04-01,Sugar,3507.76,India
2021-03-01,Sugar,3454.17,India
2021-02-01,Sugar,3463.73,India
2021-01-01,Sugar,3470.96,India
2020-12-01,Sugar,3521.05,India
2020-11-01,Sugar,3512.27,India
2020-10-01,Sugar,3527.87,India
2020-09-01,Sugar,3585.61,India
2020-08-01,Sugar,3593.73,India
2020-07-01,Sugar,3597.21,India
2020-06-01,Sugar,3532.27,India
2020-05-01,Sugar,3517.08,India
2020-04-01,Sugar,3585.15,India
2020-03-01,Sugar,3548.09,India
2020-02-01,Sugar,3557.52,India
2020-01-01,Sugar,3545.49,India
2019-12-01,Sugar,3585.16,India
2019-11-01,Sugar,3624.56,India
2019-10-01,Sugar,3692.0,India
2019-09-01,Sugar,3661.55,India
2019-08-01,Sugar,3623.49,India
2019-07-01,Sugar,3604.59,India
2019-06-01,Sugar,3631.62,India
2019-05-01,Sugar,3537.65,India
2019-04-01,Sugar,3459.0,India
2019-03-01,Sugar,3552.99,India
2019-02-01,Sugar,3565.97,India
2019-01-01,Sugar,3532.45,India
2018-12-01,Sugar,3618.84,India
2018-11-01,Sugar,3669.24,India
2018-10-01,Sugar,3669.8,India
2018-09-01,Sugar,3724.72,India
2018-08-01,Sugar,3787.8,India
2018-07-01,Sugar,3706.51,India
2018-06-01,Sugar,3541.88,India
2018-05-01,Sugar,3490.38,India
2018-04-01,Sugar,3689.31,India
2018-03-01,Sugar,3796.59,India
2018-02-01,Sugar,3840.83,India
2018-01-01,Sugar,3949.36,India
2017-12-01,Sugar,4044.64,India
2017-11-01,Sugar,4146.76,India
2017-10-01,Sugar,4156.02,India
2017-09-01,Sugar,4151.14,India
2017-08-01,Sugar,4182.09,India
2017-07-01,Sugar,4113.86,India
2017-06-01,Sugar,4089.34,India
2017-05-01,Sugar,4085.98,India
2017-04-01,Sugar,4076.38,India
2017-03-01,Sugar,4049.19,India
2017-02-01,Sugar,4021.35,India
2017-01-01,Sugar,3961.32,India
2016-12-01,Sugar,3942.33,India
2016-11-01,Sugar,3971.44,India
2016-10-01,Sugar,3960.8,India
2016-09-01,Sugar,3942.17,India
2016-08-01,Sugar,3938.02,India
2016-07-01,Sugar,3895.87,India
2016-06-01,Sugar,3801.51,India
2016-05-01,Sugar,3785.93,India
2016-04-01,Sugar,3623.35,India
2016-03-01,Sugar,3320.86,India
2016-02-01,Sugar,3234.93,India
2016-01-01,Sugar,3164.54,India
2015-12-01,Sugar,3028.65,India
2015-11-01,Sugar,2981.68,India
2015-10-01,Sugar,2941.66,India
2015-09-01,Sugar,2850.43,India
2015-08-01,Sugar,2788.45,India
2015-07-01,Sugar,2836.45,India
2015-06-01,Sugar,2988.8,India
2015-05-01,Sugar,2995.65,India
2015-04-01,Sugar,3051.14,India
2015-03-01,Sugar,3169.32,India
2015-02-01,Sugar,3190.47,India
2015-01-01,Sugar,3252.44,India
2014-12-01,Sugar,3268.0,India
2014-11-01,Sugar,3376.09,India
2014-10-01,Sugar,3436.11,India
2014-09-01,Sugar,3457.77,India
2014-08-01,Sugar,3496.27,India
2014-07-01,Sugar,3479.08,India
2014-06-01,Sugar,3423.23,India
2014-05-01,Sugar,3427.34,India
2014-04-01,Sugar,3405.83,India
2014-03-01,Sugar,3299.58,India
2014-02-01,Sugar,3255.21,India
2014-01-01,Sugar,3266.8,India
2013-12-01,Sugar,3313.53,India
2013-11-01,Sugar,3339.64,India
2013-10-01,Sugar,3376.02,India
2013-09-01,Sugar,3427.86,India
2013-08-01,Sugar,3429.36,India
2013-07-01,Sugar,3421.7,India
2013-06-01,Sugar,3456.99,India
2013-05-01,Sugar,3459.56,India
2013-04-01,Sugar,3474.79,India
2013-03-01,Sugar,3519.61,India
2013-02-01,Sugar,3522.21,India
2013-01-01,Sugar,3565.4,India
2012-12-01,Sugar,3711.89,India
2012-11-01,Sugar,3742.9,India
2012-10-01,Sugar,3766.15,India
2012-09-01,Sugar,3754.41,India
2012-08-01,Sugar,3606.52,India
2012-07-01,Sugar,3334.35,India
2012-06-01,Sugar,3164.47,India
2012-05-01,Sugar,3151.37,India
2012-04-01,Sugar,3111.81,India
2012-03-01,Sugar,3115.41,India
2012-02-01,Sugar,3147.71,India
2012-01-01,Sugar,3175.97,India
2011-12-01,Sugar,3218.29,India
2011-11-01,Sugar,3115.64,India
2011-10-01,Sugar,3037.19,India
2011-09-01,Sugar,3013.27,India
2011-08-01,Sugar,2993.27,India
2011-07-01,Sugar,2993.43,India
2011-06-01,Sugar,2952.81,India
2011-05-01,Sugar,2987.55,India
2011-04-01,Sugar,3015.41,India
2011-03-01,Sugar,3012.06,India
2011-02-01,Sugar,3049.75,India
2011-01-01,Sugar,3126.48,India
2010-12-01,Sugar,3131.62,India
2010-11-01,Sugar,3007.45,India
2010-10-01,Sugar,2906.69,India
2010-09-01,Sugar,2854.45,India
2010-08-01,Sugar,2875.29,India
2010-07-01,Sugar,2965.9,India
2010-06-01,Sugar,2961.06,India
2010-05-01,Sugar,3088.43,India
2010-04-01,Sugar,3211.66,India
2010-03-01,Sugar,3560.05,India
2010-02-01,Sugar,3981.63,India
2010-01-01,Sugar,4077.06,India
2025-03-01,Cotton,6942.65,India
2025-02-01,Cotton,7035.74,India
2025-01-01,Cotton,7167.75,India
2024-12-01,Cotton,7161.48,India
2024-11-01,Cotton,7231.03,India
2024-10-01,Cotton,7122.66,India
2024-09-01,Cotton,6890.3,India
2024-08-01,Cotton,7022.81,India
2024-07-01,Cotton,7037.37,India
2024-06-01,Cotton,6850.84,India
2024-05-01,Cotton,6902.7,India
2024-04-01,Cotton,6978.4,India
2024-03-01,Cotton,7037.86,India
2024-02-01,Cotton,6562.07,India
2024-01-01,Cotton,6505.9,India
2023-12-01,Cotton,6665.58,India
2023-11-01,Cotton,6817.05,India
2023-10-01,Cotton,6755.64,India
2023-09-01,Cotton,6803.7,India
2023-08-01,Cotton,6802.13,India
2023-07-01,Cotton,6656.2,India
2023-06-01,Cotton,6796.77,India
2023-05-01,Cotton,7136.88,India
2023-04-01,Cotton,7512.69,India
2023-03-01,Cotton,7392.47,India
2023-02-01,Cotton,7699.52,India
2023-01-01,Cotton,7902.96,India
2022-12-01,Cotton,8046.11,India
2022-11-01,Cotton,8344.06,India
2022-10-01,Cotton,7962.29,India
2022-09-01,Cotton,8394.02,India
2022-08-01,Cotton,8826.57,India
2022-07-01,Cotton,8199.31,India
2022-06-01,Cotton,9318.3,India
2022-05-01,Cotton,10056.78,India
2022-04-01,Cotton,9815.44,India
2022-03-01,Cotton,9013.42,India
2022-02-01,Cotton,8991.09,India
2022-01-01,Cotton,8709.97,India
2021-12-01,Cotton,7924.82,India
2021-11-01,Cotton,7720.58,India
2021-10-01,Cotton,7080.81,India
2021-09-01,Cotton,6199.17,India
2021-08-01,Cotton,6762.97,India
2021-07-01,Cotton,6181.63,India
2021-06-01,Cotton,5912.21,India
2021-05-01,Cotton,5326.31,India
2021-04-01,Cotton,5565.35,India
2021-03-01,Cotton,5735.57,India
2021-02-01,Cotton,5630.92,India
2021-01-01,Cotton,5417.16,India
2020-12-01,Cotton,5284.49,India
2020-11-01,Cotton,5097.34,India
2020-10-01,Cotton,4750.48,India
2020-09-01,Cotton,4428.0,India
2020-08-01,Cotton,4283.25,India
2020-07-01,Cotton,4325.92,India
2020-06-01,Cotton,4426.84,India
2020-05-01,Cotton,4391.52,India
2020-04-01,Cotton,4165.8,India
2020-03-01,Cotton,4727.94,India
2020-02-01,Cotton,4924.35,India
2020-01-01,Cotton,5096.51,India
2019-12-01,Cotton,5042.01,India
2019-11-01,Cotton,4868.02,India
2019-10-01,Cotton,4939.53,India
2019-09-01,Cotton,5102.94,India
2019-08-01,Cotton,5254.12,India
2019-07-01,Cotton,5371.34,India
2019-06-01,Cotton,5457.02,India
2019-05-01,Cotton,5622.87,India
2019-04-01,Cotton,5756.67,India
2019-03-01,Cotton,5381.66,India
2019-02-01,Cotton,5235.52,India
2019-01-01,Cotton,5330.98,India
2018-12-01,Cotton,5374.74,India
2018-11-01,Cotton,5498.25,India
2018-10-01,Cotton,5343.13,India
2018-09-01,Cotton,5023.25,India
2018-08-01,Cotton,4888.59,India
2018-07-01,Cotton,4747.39,India
2018-06-01,Cotton,4738.92,India
2018-05-01,Cotton,4479.4,India
2018-04-01,Cotton,4448.41,India
2018-03-01,Cotton,4542.27,India
2018-02-01,Cotton,4723.76,India
2018-01-01,Cotton,4931.95,India
2017-12-01,Cotton,4750.75,India
2017-11-01,Cotton,4448.5,India
2017-10-01,Cotton,4413.19,India
2017-09-01,Cotton,4364.65,India
2017-08-01,Cotton,4605.47,India
2017-07-01,Cotton,4672.31,India
2017-06-01,Cotton,4683.6,India
2017-05-01,Cotton,4822.04,India
2017-04-01,Cotton,5086.18,India
2017-03-01,Cotton,5257.43,India
2017-02-01,Cotton,5314.33,India
2017-01-01,Cotton,5161.37,India
2016-12-01,Cotton,4797.42,India
2016-11-01,Cotton,4713.4,India
2016-10-01,Cotton,4654.78,India
2016-09-01,Cotton,4759.27,India
2016-08-01,Cotton,4741.9,India
2016-07-01,Cotton,4757.12,India
2016-06-01,Cotton,4535.75,India
2016-05-01,Cotton,4403.85,India
2016-04-01,Cotton,4349.16,India
2016-03-01,Cotton,4278.23,India
2016-02-01,Cotton,4357.39,India
2016-01-01,Cotton,4438.02,India
2015-12-01,Cotton,4273.45,India
2015-11-01,Cotton,4107.74,India
2015-10-01,Cotton,4153.74,India
2015-09-01,Cotton,4077.37,India
2015-08-01,Cotton,4008.29,India
2015-07-01,Cotton,4005.56,India
2015-06-01,Cotton,4018.68,India
2015-05-01,Cotton,4089.58,India
2015-04-01,Cotton,4106.35,India
2015-03-01,Cotton,3942.77,India
2015-02-01,Cotton,3925.89,India
2015-01-01,Cotton,4003.43,India
2014-12-01,Cotton,4014.31,India
2014-11-01,Cotton,3998.09,India
2014-10-01,Cotton,4035.74,India
2014-09-01,Cotton,4205.03,India
2014-08-01,Cotton,4373.81,India
2014-07-01,Cotton,4461.3,India
2014-06-01,Cotton,4382.65,India
2014-05-01,Cotton,4522.01,India
2014-04-01,Cotton,4581.06,India
2014-03-01,Cotton,4771.31,India
2014-02-01,Cotton,4927.44,India
2014-01-01,Cotton,4913.93,India
2013-12-01,Cotton,4554.79,India
2013-11-01,Cotton,4608.89,India
2013-10-01,Cotton,4635.46,India
2013-09-01,Cotton,4587.67,India
2013-08-01,Cotton,4374.55,India
2013-07-01,Cotton,4381.19,India
2013-06-01,Cotton,4268.85,India
2013-05-01,Cotton,4211.79,India
2013-04-01,Cotton,4414.25,India
2013-03-01,Cotton,4475.12,India
2013-02-01,Cotton,4144.82,India
2013-01-01,Cotton,4039.66,India
2012-12-01,Cotton,4054.95,India
2012-11-01,Cotton,4117.67,India
2012-10-01,Cotton,4040.61,India
2012-09-01,Cotton,3803.1,India
2012-08-01,Cotton,4188.39,India
2012-07-01,Cotton,4123.47,India
2012-06-01,Cotton,3637.65,India
2012-05-01,Cotton,3702.21,India
2012-04-01,Cotton,3715.29,India
2012-03-01,Cotton,3785.94,India
2012-02-01,Cotton,4036.41,India
2012-01-01,Cotton,4162.38,India
2011-12-01,Cotton,3950.49,India
2011-11-01,Cotton,4144.55,India
2011-10-01,Cotton,4167.09,India
2011-09-01,Cotton,3774.44,India
2011-08-01,Cotton,3481.92,India
2011-07-01,Cotton,3325.36,India
2011-06-01,Cotton,3356.15,India
2011-05-01,Cotton,3611.17,India
2011-04-01,Cotton,5299.94,India
2011-03-01,Cotton,5885.83,India
2011-02-01,Cotton,5824.53,India
2011-01-01,Cotton,4716.44,India
2010-12-01,Cotton,4152.68,India
2010-11-01,Cotton,4117.42,India
2010-10-01,Cotton,3924.07,India
2010-09-01,Cotton,3433.4,India
2010-08-01,Cotton,3117.49,India
2010-07-01,Cotton,3090.6,India
2010-06-01,Cotton,3033.98,India
2010-05-01,Cotton,2928.14,India
2010-04-01,Cotton,3118.54,India
2010-03-01,Cotton,3130.93,India
2010-02-01,Cotton,3097.7,India
2010-01-01,Cotton,3172.9,India
2025-03-01,Coffee,29354.55,India
2025-02-01,Coffee,30019.84,India
2025-01-01,Coffee,25671.79,India
2024-12-01,Coffee,24771.67,India
2024-11-01,Coffee,23971.43,India
2024-10-01,Coffee,24649.43,India
2024-09-01,Coffee,24811.76,India
2024-08-01,Coffee,21945.83,India
2024-07-01,Coffee,21175.68,India
2024-06-01,Coffee,20371.64,India
2024-05-01,Coffee,19579.49,India
2024-04-01,Coffee,18503.17,India
2024-03-01,Coffee,15957.02,India
2024-02-01,Coffee,15818.03,India
2024-01-01,Coffee,17968.75,India
2023-12-01,Coffee,17024.29,India
2023-11-01,Coffee,17046.75,India
2023-10-01,Coffee,16923.88,India
2023-09-01,Coffee,17067.16,India
2023-08-01,Coffee,18754.24,India
2023-07-01,Coffee,18404.55,India
2023-06-01,Coffee,19244.74,India
2023-05-01,Coffee,17445.45,India
2023-04-01,Coffee,16780.43,India
2023-03-01,Coffee,14704.84,India
2023-02-01,Coffee,14114.58,India
2023-01-01,Coffee,12481.67,India
2022-12-01,Coffee,12572.73,India
2022-11-01,Coffee,11997.73,India
2022-10-01,Coffee,12727.46,India
2022-09-01,Coffee,13434.68,India
2022-08-01,Coffee,12729.85,India
2022-07-01,Coffee,12443.86,India
2022-06-01,Coffee,13489.42,India
2022-05-01,Coffee,12244.2,India
2022-04-01,Coffee,11243.15,India
2022-03-01,Coffee,8773.57,India
2022-02-01,Coffee,10560.64,India
2022-01-01,Coffee,10088.82,India
2021-12-01,Coffee,9975.0,India
2021-11-01,Coffee,9661.04,India
2021-10-01,Coffee,9530.26,India
2021-09-01,Coffee,9591.78,India
2021-08-01,Coffee,10590.91,India
2021-07-01,Coffee,10069.39,India
2021-06-01,Coffee,10055.81,India
2021-05-01,Coffee,10397.14,India
2021-04-01,Coffee,8402.63,India
2021-03-01,Coffee,8674.68,India
2021-02-01,Coffee,9339.24,India
2021-01-01,Coffee,9597.79,India
2020-12-01,Coffee,9730.28,India
2020-11-01,Coffee,9840.48,India
2020-10-01,Coffee,9507.32,India
2020-09-01,Coffee,10231.35,India
2020-08-01,Coffee,10425.76,India
2020-07-01,Coffee,11547.95,India
2020-06-01,Coffee,11000.0,India
2020-05-01,Coffee,10876.12,India
2020-04-01,Coffee,10883.61,India
2020-03-01,Coffee,9953.93,India
2020-02-01,Coffee,9738.14,India
2020-01-01,Coffee,9689.91,India
2019-12-01,Coffee,9908.82,India
2019-11-01,Coffee,10072.5,India
2019-10-01,Coffee,10360.0,India
2019-09-01,Coffee,11295.5,India
2019-08-01,Coffee,11614.56,India
2019-07-01,Coffee,11477.27,India
2019-06-01,Coffee,10346.79,India
2019-05-01,Coffee,10212.5,India
2019-04-01,Coffee,9837.93,India
2019-03-01,Coffee,9633.88,India
2019-02-01,Coffee,8925.0,India
2019-01-01,Coffee,9688.12,India
2018-12-01,Coffee,9766.16,India
2018-11-01,Coffee,12645.65,India
2018-10-01,Coffee,10767.53,India
2018-09-01,Coffee,9804.62,India
2018-08-01,Coffee,11073.5,India
2018-07-01,Coffee,8832.28,India
2018-06-01,Coffee,8284.16,India
2018-05-01,Coffee,7455.76,India
2018-04-01,Coffee,7342.5,India
2018-03-01,Coffee,9080.73,India
2018-02-01,Coffee,9008.16,India
2018-01-01,Coffee,8880.0,India
2017-12-01,Coffee,8950.95,India
2017-11-01,Coffee,8898.18,India
2017-10-01,Coffee,9089.91,India
2017-09-01,Coffee,9890.36,India
2017-08-01,Coffee,9160.31,India
2017-07-01,Coffee,8332.65,India
2017-06-01,Coffee,8591.35,India
2017-05-01,Coffee,8588.35,India
2017-04-01,Coffee,8684.34,India
2017-03-01,Coffee,8829.37,India
2017-02-01,Coffee,8955.56,India
2017-01-01,Coffee,8453.85,India
2016-12-01,Coffee,8608.94,India
2016-11-01,Coffee,8767.83,India
2016-10-01,Coffee,9652.08,India
2016-09-01,Coffee,9200.91,India
2016-08-01,Coffee,8719.38,India
2016-07-01,Coffee,7638.77,India
2016-06-01,Coffee,7474.63,India
2016-05-01,Coffee,6745.08,India
2016-04-01,Coffee,6418.42,India
2016-03-01,Coffee,6058.56,India
2016-02-01,Coffee,6571.85,India
2016-01-01,Coffee,6512.5,India
2015-12-01,Coffee,6787.5,India
2015-11-01,Coffee,9072.97,India
2015-10-01,Coffee,9365.57,India
2015-09-01,Coffee,8995.65,India
2015-08-01,Coffee,9305.36,India
2015-07-01,Coffee,10157.48,India
2015-06-01,Coffee,9427.23,India
2015-05-01,Coffee,9813.81,India
2015-04-01,Coffee,10625.34,India
2015-03-01,Coffee,9986.54,India
2015-02-01,Coffee,10426.44,India
2015-01-01,Coffee,10652.43,India
2014-12-01,Coffee,10283.8,India
2014-11-01,Coffee,10938.83,India
2014-10-01,Coffee,11088.61,India
2014-09-01,Coffee,9914.93,India
2014-08-01,Coffee,10367.5,India
2014-07-01,Coffee,11154.6,India
2014-06-01,Coffee,13119.57,India
2014-05-01,Coffee,13637.78,India
2014-04-01,Coffee,13453.19,India
2014-03-01,Coffee,12685.03,India
2014-02-01,Coffee,11526.91,India
2014-01-01,Coffee,10879.5,India
2013-12-01,Coffee,11149.68,India
2013-11-01,Coffee,12427.82,India
2013-10-01,Coffee,12925.45,India
2013-09-01,Coffee,12804.0,India
2013-08-01,Coffee,12592.56,India
2013-07-01,Coffee,12559.67,India
2013-06-01,Coffee,13605.62,India
2013-05-01,Coffee,13309.76,India
2013-04-01,Coffee,12885.91,India
2013-03-01,Coffee,12587.31,India
2013-02-01,Coffee,12475.26,India
2013-01-01,Coffee,12764.73,India
2012-12-01,Coffee,13094.1,India
2012-11-01,Coffee,18234.46,India
2012-10-01,Coffee,19178.79,India
2012-09-01,Coffee,15289.31,India
2012-08-01,Coffee,12202.08,India
2012-07-01,Coffee,13008.94,India
2012-06-01,Coffee,12875.7,India
2012-05-01,Coffee,12680.16,India
2012-04-01,Coffee,11607.69,India
2012-03-01,Coffee,11360.42,India
2012-02-01,Coffee,11056.32,India
2012-01-01,Coffee,11181.4,India
2011-12-01,Coffee,12054.63,India
2011-11-01,Coffee,15716.67,India
2011-10-01,Coffee,15213.43,India
2011-09-01,Coffee,13472.92,India
2011-08-01,Coffee,17782.35,India
2011-07-01,Coffee,17285.96,India
2011-06-01,Coffee,17484.31,India
2011-05-01,Coffee,16131.67,India
2011-04-01,Coffee,15363.95,India
2011-03-01,Coffee,13470.59,India
2011-02-01,Coffee,13323.68,India
2011-01-01,Coffee,15279.51,India
2010-12-01,Coffee,16698.33,India
2010-11-01,Coffee,15985.14,India
2010-10-01,Coffee,15012.07,India
2010-09-01,Coffee,10381.52,India
2010-08-01,Coffee,11409.57,India
2010-07-01,Coffee,9836.51,India
2010-06-01,Coffee,7720.27,India
2010-05-01,Coffee,7188.64,India
2010-04-01,Coffee,6192.59,India
2010-03-01,Coffee,5723.04,India
2010-02-01,Coffee,6629.17,India
2010-01-01,Coffee,8079.17,India
2022-10-01,Tea,27000.0,India
2018-11-01,Tea,15000.0,India
2018-09-01,Tea,30250.0,India
2018-08-01,Tea,29391.3,India
2018-07-01,Tea,29916.67,India
2018-06-01,Tea,29282.61,India
2018-05-01,Tea,29708.33,India
2018-03-01,Tea,29500.0,India
2018-02-01,Tea,29500.0,India
2018-01-01,Tea,27555.56,India
2017-12-01,Tea,29500.0,India
2017-11-01,Tea,29507.89,India
2017-10-01,Tea,30000.0,India
2017-09-01,Tea,29615.38,India
2017-08-01,Tea,28033.33,India
2017-07-01,Tea,29362.07,India
2017-06-01,Tea,29576.92,India
2017-05-01,Tea,29500.0,India
2017-04-01,Tea,29326.09,India
2017-03-01,Tea,29525.0,India
2017-02-01,Tea,28560.61,India
2017-01-01,Tea,28514.29,India
2016-12-01,Tea,29174.0,India
2016-11-01,Tea,29502.38,India
2016-10-01,Tea,29495.24,India
2016-09-01,Tea,29321.43,India
2016-08-01,Tea,28241.18,India
2016-07-01,Tea,29017.86,India
2016-06-01,Tea,27556.41,India
2016-05-01,Tea,28839.71,India
2016-04-01,Tea,28500.0,India
2016-03-01,Tea,28336.67,India
2016-02-01,Tea,27755.81,India
2016-01-01,Tea,27890.7,India
2015-12-01,Tea,28478.38,India
2015-11-01,Tea,27046.15,India
2015-10-01,Tea,24158.82,India
2015-09-01,Tea,23806.32,India
2015-08-01,Tea,23807.62,India
2015-07-01,Tea,23362.06,India
2015-06-01,Tea,22591.0,India
2015-05-01,Tea,24621.03,India
2015-04-01,Tea,23728.94,India
2015-03-01,Tea,22713.53,India
2015-02-01,Tea,22634.72,India
2015-01-01,Tea,23181.34,India
2014-12-01,Tea,22875.67,India
2014-11-01,Tea,22105.93,India
2014-10-01,Tea,21381.89,India
2014-09-01,Tea,24533.96,India
2014-08-01,Tea,25984.78,India
2014-07-01,Tea,20001.37,India
2014-06-01,Tea,16672.84,India
2014-05-01,Tea,17697.25,India
2014-04-01,Tea,18125.35,India
2014-03-01,Tea,19509.28,India
2014-02-01,Tea,17740.51,India
2014-01-01,Tea,18397.27,India
2013-12-01,Tea,20860.47,India
2013-11-01,Tea,20216.87,India
2013-10-01,Tea,18046.61,India
2013-09-01,Tea,17354.48,India
2013-08-01,Tea,17251.82,India
2013-07-01,Tea,17268.46,India
2013-06-01,Tea,17375.89,India
2013-05-01,Tea,16558.39,India
2013-04-01,Tea,15371.9,India
2013-03-01,Tea,15172.04,India
2013-02-01,Tea,17281.01,India
2013-01-01,Tea,15721.08,India
2012-12-01,Tea,15476.95,India
2012-11-01,Tea,15654.47,India
2012-10-01,Tea,14821.55,India
2012-09-01,Tea,16937.26,India
2012-08-01,Tea,13700.19,India
2012-07-01,Tea,18359.55,India
2012-06-01,Tea,15940.4,India
2012-05-01,Tea,15414.55,India
2012-04-01,Tea,14947.25,India
2012-03-01,Tea,13591.34,India
2012-02-01,Tea,13245.16,India
2012-01-01,Tea,16043.84,India
2011-12-01,Tea,15293.51,India
2011-11-01,Tea,14373.08,India
2011-10-01,Tea,14439.02,India
2011-09-01,Tea,16933.9,India
2011-08-01,Tea,15986.54,India
2011-07-01,Tea,15739.87,India
2011-06-01,Tea,16472.97,India
2011-05-01,Tea,17101.22,India
2011-04-01,Tea,17080.65,India
2011-03-01,Tea,16446.15,India
2011-02-01,Tea,16641.79,India
2011-01-01,Tea,16360.9,India
2010-12-01,Tea,16275.86,India
2010-11-01,Tea,16257.58,India
2010-10-01,Tea,16938.46,India
2010-09-01,Tea,16350.88,India
2010-08-01,Tea,16798.61,India
2010-07-01,Tea,16932.69,India
2010-06-01,Tea,16904.0,India
2010-05-01,Tea,17046.03,India
2010-04-01,Tea,17628.26,India
2010-03-01,Tea,17678.79,India
2010-02-01,Tea,17752.73,India
2010-01-01,Tea,16733.33,India
2025-02-01,Sugarcane,325.0,India
2025-01-01,Sugarcane,340.0,India
2024-12-01,Sugarcane,322.5,India
2024-11-01,Sugarcane,450.0,India
2024-10-01,Sugarcane,550.0,India
2024-09-01,Sugarcane,425.0,India
2024-08-01,Sugarcane,550.0,India
2024-07-01,Sugarcane,415.0,India
2024-06-01,Sugarcane,342.86,India
2024-05-01,Sugarcane,300.0,India
2024-04-01,Sugarcane,665.92,India
2024-03-01,Sugarcane,320.62,India
2024-02-01,Sugarcane,310.58,India
2024-01-01,Sugarcane,279.43,India
2023-12-01,Sugarcane,295.5,India
2023-11-01,Sugarcane,300.0,India
2023-10-01,Sugarcane,300.0,India
2023-09-01,Sugarcane,300.0,India
2023-07-01,Sugarcane,310.0,India
2023-06-01,Sugarcane,300.0,India
2023-05-01,Sugarcane,294.12,India
2023-04-01,Sugarcane,298.16,India
2023-03-01,Sugarcane,289.67,India
2023-02-01,Sugarcane,291.67,India
2023-01-01,Sugarcane,290.92,India
2022-12-01,Sugarcane,331.33,India
2022-11-01,Sugarcane,275.0,India
2022-10-01,Sugarcane,300.0,India
2022-09-01,Sugarcane,300.0,India
2022-08-01,Sugarcane,4223.0,India
2022-07-01,Sugarcane,3442.3,India
2022-06-01,Sugarcane,300.0,India
2022-05-01,Sugarcane,298.33,India
2022-04-01,Sugarcane,296.15,India
2022-03-01,Sugarcane,294.56,India
2022-02-01,Sugarcane,295.78,India
2022-01-01,Sugarcane,318.03,India
2021-12-01,Sugarcane,296.76,India
2021-11-01,Sugarcane,267.47,India
2021-10-01,Sugarcane,300.0,India
2021-09-01,Sugarcane,2675.0,India
2021-05-01,Sugarcane,275.0,India
2021-04-01,Sugarcane,2000.0,India
2021-03-01,Sugarcane,279.5,India
2021-02-01,Sugarcane,294.5,India
2021-01-01,Sugarcane,287.0,India
2020-12-01,Sugarcane,283.93,India
2020-11-01,Sugarcane,900.0,India
2020-09-01,Sugarcane,3500.0,India
2020-07-01,Sugarcane,4000.0,India
2020-05-01,Sugarcane,267.75,India
2020-04-01,Sugarcane,949.2,India
2020-03-01,Sugarcane,268.33,India
2020-02-01,Sugarcane,271.25,India
2020-01-01,Sugarcane,265.11,India
2019-10-01,Sugarcane,25.0,India
2019-08-01,Sugarcane,300.0,India
2019-06-01,Sugarcane,265.79,India
2019-05-01,Sugarcane,265.33,India
2019-04-01,Sugarcane,263.0,India
2019-03-01,Sugarcane,259.9,India
2019-02-01,Sugarcane,272.2,India
2019-01-01,Sugarcane,2330.25,India
2018-12-01,Sugarcane,261.0,India
2018-11-01,Sugarcane,15.0,India
2018-10-01,Sugarcane,15.0,India
2018-08-01,Sugarcane,230.0,India
2018-07-01,Sugarcane,230.0,India
2018-06-01,Sugarcane,230.0,India
2018-04-01,Sugarcane,260.0,India
2018-03-01,Sugarcane,250.56,India
2018-02-01,Sugarcane,256.0,India
2018-01-01,Sugarcane,250.0,India
2017-11-01,Sugarcane,2650.0,India
2017-08-01,Sugarcane,230.0,India
2017-07-01,Sugarcane,230.0,India
2017-06-01,Sugarcane,236.67,India
2017-05-01,Sugarcane,240.0,India
2017-04-01,Sugarcane,410.0,India
2017-03-01,Sugarcane,415.33,India
2017-02-01,Sugarcane,230.0,India
2017-01-01,Sugarcane,228.33,India
2016-12-01,Sugarcane,2964.29,India
2016-11-01,Sugarcane,3015.79,India
2016-10-01,Sugarcane,4000.0,India
2016-08-01,Sugarcane,396.67,India
2016-07-01,Sugarcane,361.18,India
2016-06-01,Sugarcane,410.37,India
2016-05-01,Sugarcane,396.88,India
2016-04-01,Sugarcane,476.75,India
2016-03-01,Sugarcane,337.93,India
2016-02-01,Sugarcane,309.07,India
2016-01-01,Sugarcane,369.92,India
2015-12-01,Sugarcane,941.44,India
2015-11-01,Sugarcane,378.57,India
2015-08-01,Sugarcane,235.0,India
2015-07-01,Sugarcane,422.5,India
2015-06-01,Sugarcane,488.33,India
2015-05-01,Sugarcane,671.43,India
2015-04-01,Sugarcane,251.11,India
2015-03-01,Sugarcane,250.76,India
2015-02-01,Sugarcane,234.38,India
2015-01-01,Sugarcane,780.0,India
2014-12-01,Sugarcane,230.0,India
2014-11-01,Sugarcane,336.0,India
2014-10-01,Sugarcane,425.0,India
2014-07-01,Sugarcane,3500.0,India
2014-06-01,Sugarcane,1886.67,India
2014-05-01,Sugarcane,865.71,India
2014-04-01,Sugarcane,1590.0,India
2014-03-01,Sugarcane,216.67,India
2014-02-01,Sugarcane,268.33,India
2014-01-01,Sugarcane,3331.25,India
2013-12-01,Sugarcane,3670.0,India
2013-11-01,Sugarcane,345.0,India
2013-10-01,Sugarcane,666.67,India
2013-09-01,Sugarcane,7.0,India
2013-08-01,Sugarcane,2000.0,India
2013-07-01,Sugarcane,900.0,India
2013-06-01,Sugarcane,980.0,India
2013-05-01,Sugarcane,840.0,India
2013-04-01,Sugarcane,682.41,India
2013-03-01,Sugarcane,425.0,India
2013-02-01,Sugarcane,325.56,India
2013-01-01,Sugarcane,688.75,India
2012-12-01,Sugarcane,1357.14,India
2012-11-01,Sugarcane,836.67,India
2012-08-01,Sugarcane,300.0,India
2012-06-01,Sugarcane,1100.0,India
2012-05-01,Sugarcane,430.0,India
2012-04-01,Sugarcane,576.25,India
2012-03-01,Sugarcane,548.24,India
2012-02-01,Sugarcane,748.26,India
2012-01-01,Sugarcane,1029.98,India
2011-12-01,Sugarcane,905.25,India
2011-11-01,Sugarcane,620.77,India
2011-10-01,Sugarcane,303.33,India
2011-08-01,Sugarcane,200.0,India
2011-07-01,Sugarcane,2950.0,India
2011-06-01,Sugarcane,1978.33,India
2011-05-01,Sugarcane,263.33,India
2011-04-01,Sugarcane,3044.0,India
2011-03-01,Sugarcane,659.16,India
2011-02-01,Sugarcane,271.38,India
2011-01-01,Sugarcane,336.67,India
2010-12-01,Sugarcane,3778.57,India
2010-11-01,Sugarcane,33000.0,India
2010-10-01,Sugarcane,1433.33,India
2010-07-01,Sugarcane,1412.5,India
2010-06-01,Sugarcane,1402.0,India
2010-05-01,Sugarcane,322.5,India
2010-04-01,Sugarcane,586.25,India
2010-03-01,Sugarcane,451.0,India
2010-02-01,Sugarcane,180.0,India
2025-03-01,Sunflower,4989.96,India
2025-02-01,Sunflower,5437.82,India
2025-01-01,Sunflower,5357.33,India
2024-12-01,Sunflower,5366.16,India
2024-11-01,Sunflower,5625.27,India
2024-10-01,Sunflower,5353.02,India
2024-09-01,Sunflower,5119.05,India
2024-08-01,Sunflower,4321.33,India
2024-07-01,Sunflower,4267.56,India
2024-06-01,Sunflower,5493.17,India
2024-05-01,Sunflower,4179.66,India
2024-04-01,Sunflower,4121.26,India
2024-03-01,Sunflower,4099.63,India
2024-02-01,Sunflower,4275.08,India
2024-01-01,Sunflower,4404.63,India
2023-12-01,Sunflower,4349.48,India
2023-11-01,Sunflower,4596.71,India
2023-10-01,Sunflower,4470.68,India
2023-09-01,Sunflower,4363.61,India
2023-08-01,Sunflower,4454.55,India
2023-07-01,Sunflower,4310.68,India
2023-06-01,Sunflower,4148.33,India
2023-05-01,Sunflower,4031.56,India
2023-04-01,Sunflower,4406.82,India
2023-03-01,Sunflower,4655.44,India
2023-02-01,Sunflower,5149.03,India
2023-01-01,Sunflower,5521.7,India
2022-12-01,Sunflower,5633.07,India
2022-11-01,Sunflower,5710.08,India
2022-10-01,Sunflower,5422.82,India
2022-09-01,Sunflower,5109.32,India
2022-08-01,Sunflower,5901.65,India
2022-07-01,Sunflower,5495.98,India
2022-06-01,Sunflower,5694.1,India
2022-05-01,Sunflower,6092.52,India
2022-04-01,Sunflower,6375.43,India
2022-03-01,Sunflower,6676.24,India
2022-02-01,Sunflower,5716.14,India
2022-01-01,Sunflower,5286.13,India
2021-12-01,Sunflower,5064.39,India
2021-11-01,Sunflower,5293.07,India
2021-10-01,Sunflower,5351.0,India
2021-09-01,Sunflower,5329.33,India
2021-08-01,Sunflower,6102.36,India
2021-07-01,Sunflower,5573.1,India
2021-06-01,Sunflower,5509.57,India
2021-05-01,Sunflower,5868.07,India
2021-04-01,Sunflower,6031.18,India
2021-03-01,Sunflower,6196.93,India
2021-02-01,Sunflower,5486.5,India
2021-01-01,Sunflower,5253.03,India
2020-12-01,Sunflower,4756.43,India
2020-11-01,Sunflower,4136.88,India
2020-10-01,Sunflower,3926.98,India
2020-09-01,Sunflower,4330.97,India
2020-08-01,Sunflower,3682.48,India
2020-07-01,Sunflower,3928.33,India
2020-06-01,Sunflower,3865.43,India
2020-05-01,Sunflower,3484.42,India
2020-04-01,Sunflower,3649.4,India
2020-03-01,Sunflower,3440.06,India
2020-02-01,Sunflower,3800.59,India
2020-01-01,Sunflower,3899.84,India
2019-12-01,Sunflower,3597.73,India
2019-11-01,Sunflower,3379.82,India
2019-10-01,Sunflower,3564.37,India
2019-09-01,Sunflower,3827.49,India
2019-08-01,Sunflower,3692.33,India
2019-07-01,Sunflower,3614.89,India
2019-06-01,Sunflower,3759.69,India
2019-05-01,Sunflower,3491.86,India
2019-04-01,Sunflower,3506.71,India
2019-03-01,Sunflower,3528.73,India
2019-02-01,Sunflower,3839.42,India
2019-01-01,Sunflower,3817.56,India
2018-12-01,Sunflower,3697.24,India
2018-11-01,Sunflower,3696.37,India
2018-10-01,Sunflower,3603.1,India
2018-09-01,Sunflower,3675.15,India
2018-08-01,Sunflower,3437.35,India
2018-07-01,Sunflower,3263.76,India
2018-06-01,Sunflower,3150.65,India
2018-05-01,Sunflower,3073.5,India
2018-04-01,Sunflower,3147.18,India
2018-03-01,Sunflower,3183.34,India
2018-02-01,Sunflower,3149.15,India
2018-01-01,Sunflower,2948.08,India
2017-12-01,Sunflower,2904.11,India
2017-11-01,Sunflower,2845.47,India
2017-10-01,Sunflower,2905.02,India
2017-09-01,Sunflower,3061.51,India
2017-08-01,Sunflower,3175.05,India
2017-07-01,Sunflower,2946.67,India
2017-06-01,Sunflower,2810.35,India
2017-05-01,Sunflower,3011.7,India
2017-04-01,Sunflower,2992.86,India
2017-03-01,Sunflower,3064.36,India
2017-02-01,Sunflower,3148.73,India
2017-01-01,Sunflower,3197.23,India
2016-12-01,Sunflower,3260.13,India
2016-11-01,Sunflower,3289.74,India
2016-10-01,Sunflower,3300.21,India
2016-09-01,Sunflower,3410.58,India
2016-08-01,Sunflower,3577.36,India
2016-07-01,Sunflower,3521.24,India
2016-06-01,Sunflower,3354.23,India
2016-05-01,Sunflower,3462.84,India
2016-04-01,Sunflower,3609.43,India
2016-03-01,Sunflower,3598.15,India
2016-02-01,Sunflower,3668.08,India
2016-01-01,Sunflower,3650.66,India
2015-12-01,Sunflower,3621.76,India
2015-11-01,Sunflower,3674.04,India
2015-10-01,Sunflower,3575.3,India
2015-09-01,Sunflower,3458.09,India
2015-08-01,Sunflower,3380.1,India
2015-07-01,Sunflower,3543.94,India
2015-06-01,Sunflower,3262.38,India
2015-05-01,Sunflower,3282.85,India
2015-04-01,Sunflower,3170.28,India
2015-03-01,Sunflower,3193.09,India
2015-02-01,Sunflower,3241.73,India
2015-01-01,Sunflower,3227.93,India
2014-12-01,Sunflower,3194.35,India
2014-11-01,Sunflower,3165.51,India
2014-10-01,Sunflower,3156.03,India
2014-09-01,Sunflower,3208.18,India
2014-08-01,Sunflower,3358.7,India
2014-07-01,Sunflower,3219.05,India
2014-06-01,Sunflower,3091.34,India
2014-05-01,Sunflower,3306.49,India
2014-04-01,Sunflower,3341.83,India
2014-03-01,Sunflower,3398.21,India
2014-02-01,Sunflower,3288.3,India
2014-01-01,Sunflower,3257.38,India
2013-12-01,Sunflower,3336.15,India
2013-11-01,Sunflower,3302.5,India
2013-10-01,Sunflower,3242.83,India
2013-09-01,Sunflower,3329.13,India
2013-08-01,Sunflower,3365.29,India
2013-07-01,Sunflower,3391.99,India
2013-06-01,Sunflower,3325.95,India
2013-05-01,Sunflower,3345.55,India
2013-04-01,Sunflower,3353.2,India
2013-03-01,Sunflower,3346.84,India
2013-02-01,Sunflower,3348.26,India
2013-01-01,Sunflower,3305.78,India
2012-12-01,Sunflower,3410.66,India
2012-11-01,Sunflower,3414.01,India
2012-10-01,Sunflower,3336.56,India
2012-09-01,Sunflower,3560.07,India
2012-08-01,Sunflower,3472.2,India
2012-07-01,Sunflower,3260.85,India
2012-06-01,Sunflower,2961.41,India
2012-05-01,Sunflower,2986.44,India
2012-04-01,Sunflower,2970.9,India
2012-03-01,Sunflower,2914.94,India
2012-02-01,Sunflower,2895.36,India
2012-01-01,Sunflower,2992.04,India
2011-12-01,Sunflower,3009.98,India
2011-11-01,Sunflower,2933.45,India
2011-10-01,Sunflower,2900.22,India
2011-09-01,Sunflower,2998.79,India
2011-08-01,Sunflower,2988.94,India
2011-07-01,Sunflower,2834.26,India
2011-06-01,Sunflower,2831.82,India
2011-05-01,Sunflower,2868.25,India
2011-04-01,Sunflower,2769.32,India
2011-03-01,Sunflower,2902.4,India
2011-02-01,Sunflower,3066.4,India
2011-01-01,Sunflower,3083.62,India
2010-12-01,Sunflower,2904.34,India
2010-11-01,Sunflower,2786.74,India
2010-10-01,Sunflower,2488.86,India
2010-09-01,Sunflower,2533.54,India
2010-08-01,Sunflower,2550.07,India
2010-07-01,Sunflower,2313.95,India
2010-06-01,Sunflower,2167.82,India
2010-05-01,Sunflower,2109.68,India
2010-04-01,Sunflower,2114.54,India
2010-03-01,Sunflower,2195.11,India
2010-02-01,Sunflower,2198.7,India
2010-01-01,Sunflower,2250.97,India
2025-03-01,Jowar(Sorghum),2802.05,India
2025-02-01,Jowar(Sorghum),2894.73,India
2025-01-01,Jowar(Sorghum),2766.6,India
2024-12-01,Jowar(Sorghum),2723.71,India
2024-11-01,Jowar(Sorghum),2642.72,India
2024-10-01,Jowar(Sorghum),2565.24,India
2024-09-01,Jowar(Sorghum),2646.3,India
2024-08-01,Jowar(Sorghum),2704.22,India
2024-07-01,Jowar(Sorghum),2897.68,India
2024-06-01,Jowar(Sorghum),2967.96,India
2024-05-01,Jowar(Sorghum),2836.02,India
2024-04-01,Jowar(Sorghum),2967.81,India
2024-03-01,Jowar(Sorghum),2989.8,India
2024-02-01,Jowar(Sorghum),3246.73,India
2024-01-01,Jowar(Sorghum),3552.69,India
2023-12-01,Jowar(Sorghum),3894.29,India
2023-11-01,Jowar(Sorghum),3897.74,India
2023-10-01,Jowar(Sorghum),3570.17,India
2023-09-01,Jowar(Sorghum),3671.7,India
2023-08-01,Jowar(Sorghum),3678.21,India
2023-07-01,Jowar(Sorghum),3594.64,India
2023-06-01,Jowar(Sorghum),3370.07,India
2023-05-01,Jowar(Sorghum),3141.94,India
2023-04-01,Jowar(Sorghum),3329.02,India
2023-03-01,Jowar(Sorghum),3511.04,India
2023-02-01,Jowar(Sorghum),3502.32,India
2023-01-01,Jowar(Sorghum),3452.87,India
2022-12-01,Jowar(Sorghum),3152.56,India
2022-11-01,Jowar(Sorghum),2927.14,India
2022-10-01,Jowar(Sorghum),2497.83,India
2022-09-01,Jowar(Sorghum),2486.28,India
2022-08-01,Jowar(Sorghum),2470.07,India
2022-07-01,Jowar(Sorghum),2479.78,India
2022-06-01,Jowar(Sorghum),2340.42,India
2022-05-01,Jowar(Sorghum),2275.68,India
2022-04-01,Jowar(Sorghum),2283.06,India
2022-03-01,Jowar(Sorghum),2158.99,India
2022-02-01,Jowar(Sorghum),2005.41,India
2022-01-01,Jowar(Sorghum),1921.15,India
2021-12-01,Jowar(Sorghum),1809.59,India
2021-11-01,Jowar(Sorghum),1716.14,India
2021-10-01,Jowar(Sorghum),1693.93,India
2021-09-01,Jowar(Sorghum),1754.26,India
2021-08-01,Jowar(Sorghum),1789.49,India
2021-07-01,Jowar(Sorghum),1905.61,India
2021-06-01,Jowar(Sorghum),1956.56,India
2021-05-01,Jowar(Sorghum),1953.06,India
2021-04-01,Jowar(Sorghum),2091.6,India
2021-03-01,Jowar(Sorghum),2180.8,India
2021-02-01,Jowar(Sorghum),2059.76,India
2021-01-01,Jowar(Sorghum),2041.96,India
2020-12-01,Jowar(Sorghum),1975.1,India
2020-11-01,Jowar(Sorghum),1984.46,India
2020-10-01,Jowar(Sorghum),1976.38,India
2020-09-01,Jowar(Sorghum),2030.93,India
2020-08-01,Jowar(Sorghum),2189.14,India
2020-07-01,Jowar(Sorghum),2385.56,India
2020-06-01,Jowar(Sorghum),2432.0,India
2020-05-01,Jowar(Sorghum),2392.89,India
2020-04-01,Jowar(Sorghum),2419.57,India
2020-03-01,Jowar(Sorghum),2366.19,India
2020-02-01,Jowar(Sorghum),2504.49,India
2020-01-01,Jowar(Sorghum),2641.51,India
2019-12-01,Jowar(Sorghum),2517.96,India
2019-11-01,Jowar(Sorghum),2346.81,India
2019-10-01,Jowar(Sorghum),2381.39,India
2019-09-01,Jowar(Sorghum),2562.1,India
2019-08-01,Jowar(Sorghum),2703.07,India
2019-07-01,Jowar(Sorghum),2656.62,India
2019-06-01,Jowar(Sorghum),2566.8,India
2019-05-01,Jowar(Sorghum),2471.7,India
2019-04-01,Jowar(Sorghum),2436.58,India
2019-03-01,Jowar(Sorghum),2383.12,India
2019-02-01,Jowar(Sorghum),2382.94,India
2019-01-01,Jowar(Sorghum),2356.26,India
2018-12-01,Jowar(Sorghum),2394.36,India
2018-11-01,Jowar(Sorghum),2390.22,India
2018-10-01,Jowar(Sorghum),1975.27,India
2018-09-01,Jowar(Sorghum),1853.46,India
2018-08-01,Jowar(Sorghum),1975.92,India
2018-07-01,Jowar(Sorghum),1954.42,India
2018-06-01,Jowar(Sorghum),1903.78,India
2018-05-01,Jowar(Sorghum),1749.07,India
2018-04-01,Jowar(Sorghum),1700.87,India
2018-03-01,Jowar(Sorghum),1747.59,India
2018-02-01,Jowar(Sorghum),1800.02,India
2018-01-01,Jowar(Sorghum),1740.83,India
2017-12-01,Jowar(Sorghum),1683.29,India
2017-11-01,Jowar(Sorghum),1636.96,India
2017-10-01,Jowar(Sorghum),1643.89,India
2017-09-01,Jowar(Sorghum),1809.59,India
2017-08-01,Jowar(Sorghum),1914.08,India
2017-07-01,Jowar(Sorghum),1830.21,India
2017-06-01,Jowar(Sorghum),1832.02,India
2017-05-01,Jowar(Sorghum),1817.63,India
2017-04-01,Jowar(Sorghum),1858.51,India
2017-03-01,Jowar(Sorghum),1882.19,India
2017-02-01,Jowar(Sorghum),1967.76,India
2017-01-01,Jowar(Sorghum),1875.71,India
2016-12-01,Jowar(Sorghum),1835.2,India
2016-11-01,Jowar(Sorghum),1761.65,India
2016-10-01,Jowar(Sorghum),1681.22,India
2016-09-01,Jowar(Sorghum),1817.18,India
2016-08-01,Jowar(Sorghum),1862.69,India
2016-07-01,Jowar(Sorghum),1955.56,India
2016-06-01,Jowar(Sorghum),1989.92,India
2016-05-01,Jowar(Sorghum),1990.82,India
2016-04-01,Jowar(Sorghum),1975.91,India
2016-03-01,Jowar(Sorghum),1949.72,India
2016-02-01,Jowar(Sorghum),1968.46,India
2016-01-01,Jowar(Sorghum),1977.03,India
2015-12-01,Jowar(Sorghum),1995.37,India
2015-11-01,Jowar(Sorghum),1814.26,India
2015-10-01,Jowar(Sorghum),1754.97,India
2015-09-01,Jowar(Sorghum),1838.65,India
2015-08-01,Jowar(Sorghum),1873.77,India
2015-07-01,Jowar(Sorghum),1945.88,India
2015-06-01,Jowar(Sorghum),2122.4,India
2015-05-01,Jowar(Sorghum),1938.46,India
2015-04-01,Jowar(Sorghum),1954.15,India
2015-03-01,Jowar(Sorghum),1956.91,India
2015-02-01,Jowar(Sorghum),2039.73,India
2015-01-01,Jowar(Sorghum),2076.56,India
2014-12-01,Jowar(Sorghum),1884.73,India
2014-11-01,Jowar(Sorghum),1875.3,India
2014-10-01,Jowar(Sorghum),1861.33,India
2014-09-01,Jowar(Sorghum),2058.68,India
2014-08-01,Jowar(Sorghum),2244.58,India
2014-07-01,Jowar(Sorghum),2319.87,India
2014-06-01,Jowar(Sorghum),2086.22,India
2014-05-01,Jowar(Sorghum),1922.36,India
2014-04-01,Jowar(Sorghum),1872.88,India
2014-03-01,Jowar(Sorghum),1943.37,India
2014-02-01,Jowar(Sorghum),1783.68,India
2014-01-01,Jowar(Sorghum),1644.98,India
2013-12-01,Jowar(Sorghum),1629.0,India
2013-11-01,Jowar(Sorghum),1578.85,India
2013-10-01,Jowar(Sorghum),1549.07,India
2013-09-01,Jowar(Sorghum),1571.0,India
2013-08-01,Jowar(Sorghum),1540.39,India
2013-07-01,Jowar(Sorghum),1548.03,India
2013-06-01,Jowar(Sorghum),1591.83,India
2013-05-01,Jowar(Sorghum),1549.02,India
2013-04-01,Jowar(Sorghum),1596.95,India
2013-03-01,Jowar(Sorghum),1624.84,India
2013-02-01,Jowar(Sorghum),1550.21,India
2013-01-01,Jowar(Sorghum),1553.77,India
2012-12-01,Jowar(Sorghum),1541.25,India
2012-11-01,Jowar(Sorghum),1427.22,India
2012-10-01,Jowar(Sorghum),1398.77,India
2012-09-01,Jowar(Sorghum),1539.17,India
2012-08-01,Jowar(Sorghum),1601.88,India
2012-07-01,Jowar(Sorghum),1574.11,India
2012-06-01,Jowar(Sorghum),1482.42,India
2012-05-01,Jowar(Sorghum),1533.72,India
2012-04-01,Jowar(Sorghum),1589.39,India
2012-03-01,Jowar(Sorghum),1634.29,India
2012-02-01,Jowar(Sorghum),1636.57,India
2012-01-01,Jowar(Sorghum),1686.55,India
2011-12-01,Jowar(Sorghum),1658.97,India
2011-11-01,Jowar(Sorghum),1558.3,India
2011-10-01,Jowar(Sorghum),1572.81,India
2011-09-01,Jowar(Sorghum),1639.99,India
2011-08-01,Jowar(Sorghum),1686.86,India
2011-07-01,Jowar(Sorghum),1741.92,India
2011-06-01,Jowar(Sorghum),1741.42,India
2011-05-01,Jowar(Sorghum),1729.2,India
2011-04-01,Jowar(Sorghum),1746.77,India
2011-03-01,Jowar(Sorghum),1464.14,India
2011-02-01,Jowar(Sorghum),1377.23,India
2011-01-01,Jowar(Sorghum),1278.57,India
2010-12-01,Jowar(Sorghum),1228.09,India
2010-11-01,Jowar(Sorghum),1140.69,India
2010-10-01,Jowar(Sorghum),1096.68,India
2010-09-01,Jowar(Sorghum),1104.72,India
2010-08-01,Jowar(Sorghum),1188.94,India
2010-07-01,Jowar(Sorghum),1357.22,India
2010-06-01,Jowar(Sorghum),1353.69,India
2010-05-01,Jowar(Sorghum),1184.4,India
2010-04-01,Jowar(Sorghum),1094.63,India
2010-03-01,Jowar(Sorghum),1055.99,India
2010-02-01,Jowar(Sorghum),1071.44,India
2010-01-01,Jowar(Sorghum),1070.84,India
2025-03-01,Millets,3197.14,India
2025-02-01,Millets,2857.74,India
2025-01-01,Millets,2705.24,India
2024-12-01,Millets,2603.9,India
2024-11-01,Millets,2717.22,India
2024-10-01,Millets,2663.79,India
2024-09-01,Millets,2547.57,India
2024-08-01,Millets,2357.68,India
2024-07-01,Millets,2308.28,India
2024-06-01,Millets,2451.55,India
2024-05-01,Millets,2529.55,India
2024-04-01,Millets,2425.45,India
2024-03-01,Millets,2460.49,India
2024-02-01,Millets,2608.91,India
2024-01-01,Millets,2439.43,India
2023-12-01,Millets,2716.56,India
2023-11-01,Millets,2607.06,India
2023-10-01,Millets,2992.85,India
2023-09-01,Millets,3094.0,India
2023-08-01,Millets,2969.73,India
2023-07-01,Millets,3407.57,India
2023-06-01,Millets,3427.72,India
2023-05-01,Millets,3272.53,India
2023-04-01,Millets,3273.44,India
2023-03-01,Millets,3218.75,India
2023-02-01,Millets,3334.82,India
2023-01-01,Millets,3295.09,India
2022-12-01,Millets,3369.96,India
2022-11-01,Millets,2751.63,India
2022-10-01,Millets,2894.56,India
2022-09-01,Millets,3257.42,India
2022-08-01,Millets,3567.36,India
2022-07-01,Millets,3303.85,India
2022-06-01,Millets,3333.68,India
2022-05-01,Millets,3010.0,India
2022-04-01,Millets,3203.72,India
2022-03-01,Millets,3434.53,India
2022-02-01,Millets,3426.41,India
2022-01-01,Millets,3459.22,India
2021-12-01,Millets,3184.81,India
2021-11-01,Millets,2572.73,India
2021-10-01,Millets,2821.48,India
2021-09-01,Millets,3038.73,India
2021-08-01,Millets,2358.94,India
2021-07-01,Millets,2518.18,India
2021-06-01,Millets,2594.31,India
2021-05-01,Millets,2861.2,India
2021-04-01,Millets,2438.86,India
2021-03-01,Millets,2396.26,India
2021-02-01,Millets,2817.59,India
2021-01-01,Millets,2150.0,India
2020-12-01,Millets,1925.0,India
2020-11-01,Millets,2230.0,India
2020-10-01,Millets,2200.0,India
2020-09-01,Millets,2444.44,India
2020-08-01,Millets,2044.44,India
2020-07-01,Millets,2057.14,India
2020-06-01,Millets,1900.0,India
2020-05-01,Millets,1675.0,India
2020-04-01,Millets,1000.0,India
2020-03-01,Millets,2270.0,India
2020-02-01,Millets,1981.82,India
2020-01-01,Millets,1955.0,India
2019-12-01,Millets,1857.89,India
2019-11-01,Millets,2100.5,India
2019-10-01,Millets,2175.9,India
2019-09-01,Millets,2279.24,India
2019-08-01,Millets,2706.41,India
2019-07-01,Millets,2655.79,India
2019-06-01,Millets,2518.52,India
2019-05-01,Millets,2443.47,India
2019-04-01,Millets,2423.09,India
2019-03-01,Millets,2248.98,India
2019-02-01,Millets,2192.89,India
2019-01-01,Millets,2009.63,India
2018-12-01,Millets,1907.49,India
2018-11-01,Millets,1704.76,India
2018-10-01,Millets,1682.4,India
2018-09-01,Millets,1800.34,India
2018-08-01,Millets,1780.16,India
2018-07-01,Millets,1775.09,India
2018-06-01,Millets,1735.32,India
2018-05-01,Millets,1700.55,India
2018-04-01,Millets,1640.12,India
2018-03-01,Millets,1601.89,India
2018-02-01,Millets,1584.42,India
2018-01-01,Millets,1626.02,India
2017-12-01,Millets,1649.37,India
2017-11-01,Millets,1539.63,India
2017-10-01,Millets,1570.76,India
2017-09-01,Millets,1782.67,India
2017-08-01,Millets,1723.85,India
2017-07-01,Millets,1549.85,India
2017-06-01,Millets,1560.94,India
2017-05-01,Millets,1855.23,India
2017-04-01,Millets,1800.0,India
2017-03-01,Millets,1690.0,India
2017-02-01,Millets,1461.61,India
2017-01-01,Millets,1614.76,India
2016-12-01,Millets,1549.75,India
2016-11-01,Millets,1645.71,India
2016-10-01,Millets,1670.4,India
2016-09-01,Millets,1599.91,India
2016-08-01,Millets,2024.17,India
2016-07-01,Millets,1560.48,India
2016-06-01,Millets,1385.0,India
2016-05-01,Millets,1822.44,India
2016-04-01,Millets,1697.41,India
2016-03-01,Millets,1618.75,India
2016-02-01,Millets,1387.74,India
2016-01-01,Millets,1608.89,India
2015-12-01,Millets,1602.61,India
2015-11-01,Millets,1900.56,India
2015-10-01,Millets,1943.51,India
2015-09-01,Millets,1808.16,India
2015-08-01,Millets,1668.29,India
2015-07-01,Millets,1377.83,India
2015-06-01,Millets,1306.12,India
2015-05-01,Millets,1475.58,India
2015-04-01,Millets,1435.57,India
2015-03-01,Millets,1369.22,India
2015-02-01,Millets,1253.7,India
2015-01-01,Millets,1525.59,India
2014-12-01,Millets,1300.0,India
2014-11-01,Millets,1413.46,India
2014-10-01,Millets,1390.38,India
2014-09-01,Millets,950.78,India
2014-08-01,Millets,898.44,India
2014-07-01,Millets,888.89,India
2014-06-01,Millets,1100.0,India
2014-05-01,Millets,1576.92,India
2014-04-01,Millets,1840.0,India
2014-03-01,Millets,1785.71,India
2014-01-01,Millets,950.0,India
2013-12-01,Millets,900.0,India
2013-11-01,Millets,1275.0,India
2013-10-01,Millets,1994.44,India
2013-09-01,Millets,1326.92,India
2013-08-01,Millets,1190.48,India
2013-07-01,Millets,1165.22,India
2013-06-01,Millets,1093.75,India
2013-05-01,Millets,1113.33,India
2013-04-01,Millets,2091.67,India
2013-03-01,Millets,2425.0,India
2013-02-01,Millets,1257.14,India
2012-11-01,Millets,1075.0,India
2012-10-01,Millets,666.67,India
2012-09-01,Millets,884.38,India
2012-08-01,Millets,611.9,India
2012-07-01,Millets,708.33,India
2012-06-01,Millets,1250.0,India
2012-05-01,Millets,1050.0,India
2012-04-01,Millets,4621.43,India
2012-03-01,Millets,900.0,India
2012-02-01,Millets,1325.0,India
2011-11-01,Millets,1750.0,India
2011-10-01,Millets,800.56,India
2011-09-01,Millets,500.0,India
2011-08-01,Millets,382.35,India
2011-07-01,Millets,718.75,India
2011-03-01,Millets,1075.0,India
2011-02-01,Millets,1125.0,India
2010-11-01,Millets,925.0,India
2010-10-01,Millets,450.0,India
2010-09-01,Millets,500.0,India
2010-08-01,Millets,530.88,India
2010-07-01,Millets,843.18,India
2010-06-01,Millets,1050.0,India
2010-03-01,Millets,787.5,India
2010-02-01,Millets,766.67,India
2010-01-01,Millets,818.75,India
2025-03-01,Barley (Jau),2383.57,India
2025-02-01,Barley (Jau),2454.5,India
2025-01-01,Barley (Jau),2439.23,India
2024-12-01,Barley (Jau),2385.66,India
2024-11-01,Barley (Jau),2355.45,India
2024-10-01,Barley (Jau),2312.08,India
2024-09-01,Barley (Jau),2244.36,India
2024-08-01,Barley (Jau),2185.23,India
2024-07-01,Barley (Jau),2135.04,India
2024-06-01,Barley (Jau),2091.39,India
2024-05-01,Barley (Jau),2000.6,India
2024-04-01,Barley (Jau),1897.38,India
2024-03-01,Barley (Jau),1977.23,India
2024-02-01,Barley (Jau),2062.7,India
2024-01-01,Barley (Jau),2071.57,India
2023-12-01,Barley (Jau),1995.96,India
2023-11-01,Barley (Jau),1950.97,India
2023-10-01,Barley (Jau),1910.21,India
2023-09-01,Barley (Jau),1903.34,India
2023-08-01,Barley (Jau),1863.65,India
2023-07-01,Barley (Jau),1833.16,India
2023-06-01,Barley (Jau),1835.18,India
2023-05-01,Barley (Jau),1905.76,India
2023-04-01,Barley (Jau),1985.44,India
2023-03-01,Barley (Jau),2255.87,India
2023-02-01,Barley (Jau),2697.17,India
2023-01-01,Barley (Jau),2750.57,India
2022-12-01,Barley (Jau),2708.6,India
2022-11-01,Barley (Jau),2653.38,India
2022-10-01,Barley (Jau),2574.5,India
2022-09-01,Barley (Jau),2565.05,India
2022-08-01,Barley (Jau),2563.39,India
2022-07-01,Barley (Jau),2538.16,India
2022-06-01,Barley (Jau),2501.17,India
2022-05-01,Barley (Jau),2521.97,India
2022-04-01,Barley (Jau),2528.47,India
2022-03-01,Barley (Jau),2222.19,India
2022-02-01,Barley (Jau),2119.46,India
2022-01-01,Barley (Jau),2047.19,India
2021-12-01,Barley (Jau),2017.43,India
2021-11-01,Barley (Jau),1960.67,India
2021-10-01,Barley (Jau),1910.08,India
2021-09-01,Barley (Jau),1853.16,India
2021-08-01,Barley (Jau),1778.64,India
2021-07-01,Barley (Jau),1684.87,India
2021-06-01,Barley (Jau),1658.71,India
2021-05-01,Barley (Jau),1643.59,India
2021-04-01,Barley (Jau),1579.56,India
2021-03-01,Barley (Jau),1458.27,India
2021-02-01,Barley (Jau),1485.41,India
2021-01-01,Barley (Jau),1492.23,India
2020-12-01,Barley (Jau),1454.48,India
2020-11-01,Barley (Jau),1462.5,India
2020-10-01,Barley (Jau),1429.61,India
2020-09-01,Barley (Jau),1421.59,India
2020-08-01,Barley (Jau),1472.63,India
2020-07-01,Barley (Jau),1461.0,India
2020-06-01,Barley (Jau),1513.76,India
2020-05-01,Barley (Jau),1602.28,India
2020-04-01,Barley (Jau),1653.78,India
2020-03-01,Barley (Jau),1782.19,India
2020-02-01,Barley (Jau),1926.83,India
2020-01-01,Barley (Jau),1923.22,India
2019-12-01,Barley (Jau),1866.44,India
2019-11-01,Barley (Jau),1844.29,India
2019-10-01,Barley (Jau),1802.11,India
2019-09-01,Barley (Jau),1767.42,India
2019-08-01,Barley (Jau),1753.66,India
2019-07-01,Barley (Jau),1729.98,India
2019-06-01,Barley (Jau),1698.13,India
2019-05-01,Barley (Jau),1688.93,India
2019-04-01,Barley (Jau),1610.16,India
2019-03-01,Barley (Jau),1665.38,India
2019-02-01,Barley (Jau),1761.29,India
2019-01-01,Barley (Jau),1709.03,India
2018-12-01,Barley (Jau),1680.5,India
2018-11-01,Barley (Jau),1641.34,India
2018-10-01,Barley (Jau),1578.14,India
2018-09-01,Barley (Jau),1548.39,India
2018-08-01,Barley (Jau),1510.52,India
2018-07-01,Barley (Jau),1460.95,India
2018-06-01,Barley (Jau),1397.49,India
2018-05-01,Barley (Jau),1358.25,India
2018-04-01,Barley (Jau),1323.3,India
2018-03-01,Barley (Jau),1349.71,India
2018-02-01,Barley (Jau),1471.74,India
2018-01-01,Barley (Jau),1478.59,India
2017-12-01,Barley (Jau),1468.67,India
2017-11-01,Barley (Jau),1444.27,India
2017-10-01,Barley (Jau),1424.81,India
2017-09-01,Barley (Jau),1424.28,India
2017-08-01,Barley (Jau),1405.85,India
2017-07-01,Barley (Jau),1409.08,India
2017-06-01,Barley (Jau),1406.06,India
2017-05-01,Barley (Jau),1424.08,India
2017-04-01,Barley (Jau),1439.62,India
2017-03-01,Barley (Jau),1473.98,India
2017-02-01,Barley (Jau),1802.67,India
2017-01-01,Barley (Jau),1825.51,India
2016-12-01,Barley (Jau),1819.14,India
2016-11-01,Barley (Jau),1770.8,India
2016-10-01,Barley (Jau),1665.75,India
2016-09-01,Barley (Jau),1639.72,India
2016-08-01,Barley (Jau),1634.39,India
2016-07-01,Barley (Jau),1588.96,India
2016-06-01,Barley (Jau),1566.53,India
2016-05-01,Barley (Jau),1493.69,India
2016-04-01,Barley (Jau),1425.96,India
2016-03-01,Barley (Jau),1367.35,India
2016-02-01,Barley (Jau),1465.16,India
2016-01-01,Barley (Jau),1469.23,India
2015-12-01,Barley (Jau),1413.9,India
2015-11-01,Barley (Jau),1370.08,India
2015-10-01,Barley (Jau),1307.86,India
2015-09-01,Barley (Jau),1228.99,India
2015-08-01,Barley (Jau),1194.62,India
2015-07-01,Barley (Jau),1181.23,India
2015-06-01,Barley (Jau),1182.17,India
2015-05-01,Barley (Jau),1180.31,India
2015-04-01,Barley (Jau),1120.7,India
2015-03-01,Barley (Jau),1294.66,India
2015-02-01,Barley (Jau),1512.07,India
2015-01-01,Barley (Jau),1507.13,India
2014-12-01,Barley (Jau),1449.81,India
2014-11-01,Barley (Jau),1403.59,India
2014-10-01,Barley (Jau),1344.86,India
2014-09-01,Barley (Jau),1316.23,India
2014-08-01,Barley (Jau),1278.49,India
2014-07-01,Barley (Jau),1234.45,India
2014-06-01,Barley (Jau),1177.53,India
2014-05-01,Barley (Jau),1171.44,India
2014-04-01,Barley (Jau),1126.31,India
2014-03-01,Barley (Jau),1239.14,India
2014-02-01,Barley (Jau),1316.68,India
2014-01-01,Barley (Jau),1286.89,India
2013-12-01,Barley (Jau),1262.3,India
2013-11-01,Barley (Jau),1213.72,India
2013-10-01,Barley (Jau),1158.24,India
2013-09-01,Barley (Jau),1148.74,India
2013-08-01,Barley (Jau),1138.71,India
2013-07-01,Barley (Jau),1161.91,India
2013-06-01,Barley (Jau),1158.79,India
2013-05-01,Barley (Jau),1137.95,India
2013-04-01,Barley (Jau),1134.86,India
2013-03-01,Barley (Jau),1197.75,India
2013-02-01,Barley (Jau),1260.57,India
2013-01-01,Barley (Jau),1240.47,India
2012-12-01,Barley (Jau),1228.6,India
2012-11-01,Barley (Jau),1174.37,India
2012-10-01,Barley (Jau),1110.79,India
2012-09-01,Barley (Jau),1105.66,India
2012-08-01,Barley (Jau),1173.46,India
2012-07-01,Barley (Jau),1168.15,India
2012-06-01,Barley (Jau),1115.44,India
2012-05-01,Barley (Jau),1224.34,India
2012-04-01,Barley (Jau),1289.47,India
2012-03-01,Barley (Jau),1171.7,India
2012-02-01,Barley (Jau),1094.34,India
2012-01-01,Barley (Jau),1089.68,India
2011-12-01,Barley (Jau),1035.97,India
2011-11-01,Barley (Jau),1031.93,India
2011-10-01,Barley (Jau),1017.35,India
2011-09-01,Barley (Jau),1028.3,India
2011-08-01,Barley (Jau),1069.94,India
2011-07-01,Barley (Jau),1096.42,India
2011-06-01,Barley (Jau),1139.56,India
2011-05-01,Barley (Jau),1176.5,India
2011-04-01,Barley (Jau),1014.99,India
2011-03-01,Barley (Jau),1100.05,India
2011-02-01,Barley (Jau),1279.47,India
2011-01-01,Barley (Jau),1240.8,India
2010-12-01,Barley (Jau),1199.93,India
2010-11-01,Barley (Jau),1153.32,India
2010-10-01,Barley (Jau),1094.49,India
2010-09-01,Barley (Jau),1033.73,India
2010-08-01,Barley (Jau),1011.75,India
2010-07-01,Barley (Jau),982.74,India
2010-06-01,Barley (Jau),949.5,India
2010-05-01,Barley (Jau),906.9,India
2010-04-01,Barley (Jau),865.53,India
2010-03-01,Barley (Jau),948.36,India
2010-02-01,Barley (Jau),899.37,India
2010-01-01,Barley (Jau),902.88,India
2025-03-01,Ginger(Dry),6363.42,India
2025-02-01,Ginger(Dry),6147.16,India
2025-01-01,Ginger(Dry),6577.69,India
2024-12-01,Ginger(Dry),6906.21,India
2024-11-01,Ginger(Dry),7036.68,India
2024-10-01,Ginger(Dry),7867.03,India
2024-09-01,Ginger(Dry),8560.78,India
2024-08-01,Ginger(Dry),10322.92,India
2024-07-01,Ginger(Dry),12501.49,India
2024-06-01,Ginger(Dry),13297.17,India
2024-05-01,Ginger(Dry),12910.28,India
2024-04-01,Ginger(Dry),11786.26,India
2024-03-01,Ginger(Dry),10634.29,India
2024-02-01,Ginger(Dry),10340.12,India
2024-01-01,Ginger(Dry),10501.03,India
2023-12-01,Ginger(Dry),9857.57,India
2023-11-01,Ginger(Dry),10415.25,India
2023-10-01,Ginger(Dry),10435.08,India
2023-09-01,Ginger(Dry),11530.36,India
2023-08-01,Ginger(Dry),13934.86,India
2023-07-01,Ginger(Dry),13809.31,India
2023-06-01,Ginger(Dry),11859.08,India
2023-05-01,Ginger(Dry),8633.94,India
2023-04-01,Ginger(Dry),7131.98,India
2023-03-01,Ginger(Dry),5838.17,India
2023-02-01,Ginger(Dry),5058.64,India
2023-01-01,Ginger(Dry),4709.43,India
2022-12-01,Ginger(Dry),4656.05,India
2022-11-01,Ginger(Dry),4593.64,India
2022-10-01,Ginger(Dry),4455.2,India
2022-09-01,Ginger(Dry),4188.3,India
2022-08-01,Ginger(Dry),4746.87,India
2022-07-01,Ginger(Dry),4793.63,India
2022-06-01,Ginger(Dry),4456.63,India
2022-05-01,Ginger(Dry),4146.68,India
2022-04-01,Ginger(Dry),4017.6,India
2022-03-01,Ginger(Dry),4013.82,India
2022-02-01,Ginger(Dry),3572.89,India
2022-01-01,Ginger(Dry),3466.06,India
2021-12-01,Ginger(Dry),3865.62,India
2021-11-01,Ginger(Dry),4680.76,India
2021-10-01,Ginger(Dry),4628.93,India
2021-09-01,Ginger(Dry),4496.28,India
2021-08-01,Ginger(Dry),5087.02,India
2021-07-01,Ginger(Dry),5771.75,India
2021-06-01,Ginger(Dry),5381.55,India
2021-05-01,Ginger(Dry),4659.75,India
2021-04-01,Ginger(Dry),4667.21,India
2021-03-01,Ginger(Dry),4134.09,India
2021-02-01,Ginger(Dry),4295.61,India
2021-01-01,Ginger(Dry),3852.96,India
2020-12-01,Ginger(Dry),4110.43,India
2020-11-01,Ginger(Dry),5112.51,India
2020-10-01,Ginger(Dry),5868.82,India
2020-09-01,Ginger(Dry),7050.78,India
2020-08-01,Ginger(Dry),7571.31,India
2020-07-01,Ginger(Dry),9462.33,India
2020-06-01,Ginger(Dry),8613.16,India
2020-05-01,Ginger(Dry),7585.28,India
2020-04-01,Ginger(Dry),7031.91,India
2020-03-01,Ginger(Dry),6027.73,India
2020-02-01,Ginger(Dry),6004.99,India
2020-01-01,Ginger(Dry),5922.81,India
2019-12-01,Ginger(Dry),6214.66,India
2019-11-01,Ginger(Dry),6809.29,India
2019-10-01,Ginger(Dry),7329.49,India
2019-09-01,Ginger(Dry),8787.95,India
2019-08-01,Ginger(Dry),10290.23,India
2019-07-01,Ginger(Dry),10484.36,India
2019-06-01,Ginger(Dry),10013.74,India
2019-05-01,Ginger(Dry),8550.33,India
2019-04-01,Ginger(Dry),7934.76,India
2019-03-01,Ginger(Dry),7630.26,India
2019-02-01,Ginger(Dry),7212.63,India
2019-01-01,Ginger(Dry),6774.81,India
2018-12-01,Ginger(Dry),6325.57,India
2018-11-01,Ginger(Dry),6524.46,India
2018-10-01,Ginger(Dry),6146.07,India
2018-09-01,Ginger(Dry),5730.63,India
2018-08-01,Ginger(Dry),5948.7,India
2018-07-01,Ginger(Dry),6048.26,India
2018-06-01,Ginger(Dry),5844.61,India
2018-05-01,Ginger(Dry),5635.88,India
2018-04-01,Ginger(Dry),3900.76,India
2018-03-01,Ginger(Dry),3631.08,India
2018-02-01,Ginger(Dry),3490.85,India
2018-01-01,Ginger(Dry),3433.37,India
2017-12-01,Ginger(Dry),3308.97,India
2017-11-01,Ginger(Dry),3566.18,India
2017-10-01,Ginger(Dry),3942.49,India
2017-09-01,Ginger(Dry),3900.13,India
2017-08-01,Ginger(Dry),4071.16,India
2017-07-01,Ginger(Dry),4007.62,India
2017-06-01,Ginger(Dry),3583.66,India
2017-05-01,Ginger(Dry),3379.08,India
2017-04-01,Ginger(Dry),3221.55,India
2017-03-01,Ginger(Dry),3421.32,India
2017-02-01,Ginger(Dry),3387.02,India
2017-01-01,Ginger(Dry),3308.91,India
2016-12-01,Ginger(Dry),3300.26,India
2016-11-01,Ginger(Dry),3470.18,India
2016-10-01,Ginger(Dry),3737.72,India
2016-09-01,Ginger(Dry),4053.23,India
2016-08-01,Ginger(Dry),4551.5,India
2016-07-01,Ginger(Dry),4789.43,India
2016-06-01,Ginger(Dry),4687.91,India
2016-05-01,Ginger(Dry),4255.87,India
2016-04-01,Ginger(Dry),3890.89,India
2016-03-01,Ginger(Dry),4053.38,India
2016-02-01,Ginger(Dry),4038.49,India
2016-01-01,Ginger(Dry),4202.19,India
2015-12-01,Ginger(Dry),4306.29,India
2015-11-01,Ginger(Dry),4647.9,India
2015-10-01,Ginger(Dry),4651.78,India
2015-09-01,Ginger(Dry),5012.78,India
2015-08-01,Ginger(Dry),5467.43,India
2015-07-01,Ginger(Dry),6411.56,India
2015-06-01,Ginger(Dry),6151.84,India
2015-05-01,Ginger(Dry),5420.15,India
2015-04-01,Ginger(Dry),4917.53,India
2015-03-01,Ginger(Dry),4993.88,India
2015-02-01,Ginger(Dry),4591.02,India
2015-01-01,Ginger(Dry),4504.96,India
2014-12-01,Ginger(Dry),4648.05,India
2014-11-01,Ginger(Dry),5250.52,India
2014-10-01,Ginger(Dry),5706.22,India
2014-09-01,Ginger(Dry),6788.83,India
2014-08-01,Ginger(Dry),8563.04,India
2014-07-01,Ginger(Dry),9379.47,India
2014-06-01,Ginger(Dry),9685.87,India
2014-05-01,Ginger(Dry),10229.95,India
2014-04-01,Ginger(Dry),9189.93,India
2014-03-01,Ginger(Dry),7525.83,India
2014-02-01,Ginger(Dry),6758.19,India
2014-01-01,Ginger(Dry),6359.74,India
2013-12-01,Ginger(Dry),5800.52,India
2013-11-01,Ginger(Dry),6062.22,India
2013-10-01,Ginger(Dry),6619.06,India
2013-09-01,Ginger(Dry),8387.5,India
2013-08-01,Ginger(Dry),9512.01,India
2013-07-01,Ginger(Dry),10289.02,India
2013-06-01,Ginger(Dry),9834.53,India
2013-05-01,Ginger(Dry),8478.08,India
2013-04-01,Ginger(Dry),5616.91,India
2013-03-01,Ginger(Dry),4344.42,India
2013-02-01,Ginger(Dry),3835.21,India
2013-01-01,Ginger(Dry),3666.11,India
2012-12-01,Ginger(Dry),3656.09,India
2012-11-01,Ginger(Dry),3627.01,India
2012-10-01,Ginger(Dry),3133.97,India
2012-09-01,Ginger(Dry),3022.47,India
2012-08-01,Ginger(Dry),3183.47,India
2012-07-01,Ginger(Dry),2950.07,India
2012-06-01,Ginger(Dry),2738.9,India
2012-05-01,Ginger(Dry),2151.64,India
2012-04-01,Ginger(Dry),2043.11,India
2012-03-01,Ginger(Dry),2115.58,India
2012-02-01,Ginger(Dry),1993.01,India
2012-01-01,Ginger(Dry),1954.64,India
2011-12-01,Ginger(Dry),2047.93,India
2011-11-01,Ginger(Dry),2359.34,India
2011-10-01,Ginger(Dry),2413.96,India
2011-09-01,Ginger(Dry),2690.32,India
2011-08-01,Ginger(Dry),3012.53,India
2011-07-01,Ginger(Dry),3279.49,India
2011-06-01,Ginger(Dry),3217.6,India
2011-05-01,Ginger(Dry),3115.47,India
2011-04-01,Ginger(Dry),2946.64,India
2011-03-01,Ginger(Dry),2860.94,India
2011-02-01,Ginger(Dry),2908.13,India
2011-01-01,Ginger(Dry),2995.06,India
2010-12-01,Ginger(Dry),2857.19,India
2010-11-01,Ginger(Dry),2964.26,India
2010-10-01,Ginger(Dry),3048.86,India
2010-09-01,Ginger(Dry),4180.62,India
2010-08-01,Ginger(Dry),4697.48,India
2010-07-01,Ginger(Dry),4843.45,India
2010-06-01,Ginger(Dry),4894.38,India
2010-05-01,Ginger(Dry),4494.43,India
2010-04-01,Ginger(Dry),3671.48,India
2010-03-01,Ginger(Dry),3954.98,India
2010-02-01,Ginger(Dry),2964.8,India
2010-01-01,Ginger(Dry),2978.23,India
2025-03-01,Turmeric,11596.07,India
2025-02-01,Turmeric,12106.76,India
2025-01-01,Turmeric,13266.44,India
2024-12-01,Turmeric,13396.57,India
2024-11-01,Turmeric,13432.69,India
2024-10-01,Turmeric,13158.93,India
2024-09-01,Turmeric,13151.61,India
2024-08-01,Turmeric,12915.47,India
2024-07-01,Turmeric,13493.95,India
2024-06-01,Turmeric,14031.33,India
2024-05-01,Turmeric,13825.92,India
2024-04-01,Turmeric,13142.51,India
2024-03-01,Turmeric,13640.36,India
2024-02-01,Turmeric,11336.27,India
2024-01-01,Turmeric,11196.66,India
2023-12-01,Turmeric,10552.31,India
2023-11-01,Turmeric,10250.08,India
2023-10-01,Turmeric,10324.43,India
2023-09-01,Turmeric,10828.45,India
2023-08-01,Turmeric,11208.03,India
2023-07-01,Turmeric,8424.51,India
2023-06-01,Turmeric,6223.15,India
2023-05-01,Turmeric,5952.56,India
2023-04-01,Turmeric,5916.4,India
2023-03-01,Turmeric,6432.2,India
2023-02-01,Turmeric,6701.34,India
2023-01-01,Turmeric,6811.11,India
2022-12-01,Turmeric,6791.97,India
2022-11-01,Turmeric,6659.16,India
2022-10-01,Turmeric,6580.21,India
2022-09-01,Turmeric,6443.03,India
2022-08-01,Turmeric,6625.63,India
2022-07-01,Turmeric,6624.08,India
2022-06-01,Turmeric,6408.7,India
2022-05-01,Turmeric,6576.24,India
2022-04-01,Turmeric,6913.66,India
2022-03-01,Turmeric,7091.09,India
2022-02-01,Turmeric,7194.51,India
2022-01-01,Turmeric,7659.07,India
2021-12-01,Turmeric,7797.97,India
2021-11-01,Turmeric,7112.26,India
2021-10-01,Turmeric,7153.33,India
2021-09-01,Turmeric,7177.88,India
2021-08-01,Turmeric,7230.08,India
2021-07-01,Turmeric,7463.86,India
2021-06-01,Turmeric,7323.48,India
2021-05-01,Turmeric,7538.86,India
2021-04-01,Turmeric,7772.43,India
2021-03-01,Turmeric,8040.89,India
2021-02-01,Turmeric,7200.09,India
2021-01-01,Turmeric,6290.5,India
2020-12-01,Turmeric,6134.4,India
2020-11-01,Turmeric,5885.73,India
2020-10-01,Turmeric,5880.24,India
2020-09-01,Turmeric,5931.7,India
2020-08-01,Turmeric,5957.9,India
2020-07-01,Turmeric,6017.5,India
2020-06-01,Turmeric,5951.15,India
2020-05-01,Turmeric,6007.22,India
2020-04-01,Turmeric,6538.43,India
2020-03-01,Turmeric,6443.59,India
2020-02-01,Turmeric,6444.18,India
2020-01-01,Turmeric,6491.18,India
2019-12-01,Turmeric,6178.13,India
2019-11-01,Turmeric,6511.46,India
2019-10-01,Turmeric,6379.91,India
2019-09-01,Turmeric,6520.87,India
2019-08-01,Turmeric,6499.62,India
2019-07-01,Turmeric,6396.42,India
2019-06-01,Turmeric,6424.45,India
2019-05-01,Turmeric,6561.82,India
2019-04-01,Turmeric,6658.95,India
2019-03-01,Turmeric,6745.36,India
2019-02-01,Turmeric,6850.64,India
2019-01-01,Turmeric,7017.43,India
2018-12-01,Turmeric,7063.19,India
2018-11-01,Turmeric,7097.79,India
2018-10-01,Turmeric,6842.0,India
2018-09-01,Turmeric,6976.59,India
2018-08-01,Turmeric,7088.19,India
2018-07-01,Turmeric,7279.99,India
2018-06-01,Turmeric,7530.93,India
2018-05-01,Turmeric,7796.29,India
2018-04-01,Turmeric,7231.68,India
2018-03-01,Turmeric,7321.29,India
2018-02-01,Turmeric,7663.22,India
2018-01-01,Turmeric,7576.56,India
2017-12-01,Turmeric,7603.55,India
2017-11-01,Turmeric,7539.9,India
2017-10-01,Turmeric,7481.9,India
2017-09-01,Turmeric,7534.19,India
2017-08-01,Turmeric,7498.0,India
2017-07-01,Turmeric,6967.42,India
2017-06-01,Turmeric,6217.96,India
2017-05-01,Turmeric,6209.14,India
2017-04-01,Turmeric,6645.15,India
2017-03-01,Turmeric,7250.84,India
2017-02-01,Turmeric,7669.6,India
2017-01-01,Turmeric,7556.13,India
2016-12-01,Turmeric,7860.86,India
2016-11-01,Turmeric,7636.55,India
2016-10-01,Turmeric,7554.52,India
2016-09-01,Turmeric,7453.59,India
2016-08-01,Turmeric,7776.38,India
2016-07-01,Turmeric,8005.29,India
2016-06-01,Turmeric,8198.0,India
2016-05-01,Turmeric,8346.64,India
2016-04-01,Turmeric,8477.32,India
2016-03-01,Turmeric,8568.09,India
2016-02-01,Turmeric,8420.92,India
2016-01-01,Turmeric,8350.63,India
2015-12-01,Turmeric,8589.73,India
2015-11-01,Turmeric,8061.28,India
2015-10-01,Turmeric,7475.71,India
2015-09-01,Turmeric,7372.74,India
2015-08-01,Turmeric,7031.79,India
2015-07-01,Turmeric,7143.42,India
2015-06-01,Turmeric,7195.4,India
2015-05-01,Turmeric,7260.19,India
2015-04-01,Turmeric,7442.53,India
2015-03-01,Turmeric,7391.7,India
2015-02-01,Turmeric,7017.48,India
2015-01-01,Turmeric,7246.61,India
2014-12-01,Turmeric,6645.79,India
2014-11-01,Turmeric,6385.84,India
2014-10-01,Turmeric,6164.88,India
2014-09-01,Turmeric,6285.95,India
2014-08-01,Turmeric,6392.48,India
2014-07-01,Turmeric,6550.71,India
2014-06-01,Turmeric,6283.21,India
2014-05-01,Turmeric,6403.94,India
2014-04-01,Turmeric,6138.69,India
2014-03-01,Turmeric,5811.09,India
2014-02-01,Turmeric,5912.92,India
2014-01-01,Turmeric,5798.94,India
2013-12-01,Turmeric,5501.41,India
2013-11-01,Turmeric,5304.87,India
2013-10-01,Turmeric,5257.3,India
2013-09-01,Turmeric,5374.8,India
2013-08-01,Turmeric,5666.83,India
2013-07-01,Turmeric,6081.51,India
2013-06-01,Turmeric,6101.98,India
2013-05-01,Turmeric,6312.31,India
2013-04-01,Turmeric,6867.0,India
2013-03-01,Turmeric,6321.59,India
2013-02-01,Turmeric,5673.5,India
2013-01-01,Turmeric,5419.3,India
2012-12-01,Turmeric,5272.93,India
2012-11-01,Turmeric,5212.5,India
2012-10-01,Turmeric,5275.98,India
2012-09-01,Turmeric,5748.5,India
2012-08-01,Turmeric,5706.22,India
2012-07-01,Turmeric,4784.01,India
2012-06-01,Turmeric,3983.44,India
2012-05-01,Turmeric,4023.34,India
2012-04-01,Turmeric,4138.88,India
2012-03-01,Turmeric,4763.7,India
2012-02-01,Turmeric,5232.79,India
2012-01-01,Turmeric,5917.15,India
2011-12-01,Turmeric,6117.89,India
2011-11-01,Turmeric,6841.04,India
2011-10-01,Turmeric,7590.9,India
2011-09-01,Turmeric,7096.06,India
2011-08-01,Turmeric,8488.91,India
2011-07-01,Turmeric,8486.13,India
2011-06-01,Turmeric,8537.28,India
2011-05-01,Turmeric,9832.93,India
2011-04-01,Turmeric,11008.17,India
2011-03-01,Turmeric,12378.6,India
2011-02-01,Turmeric,13224.23,India
2011-01-01,Turmeric,15212.5,India
2010-12-01,Turmeric,15658.29,India
2010-11-01,Turmeric,14916.14,India
2010-10-01,Turmeric,14249.05,India
2010-09-01,Turmeric,13988.53,India
2010-08-01,Turmeric,14285.51,India
2010-07-01,Turmeric,15209.33,India
2010-06-01,Turmeric,14923.83,India
2010-05-01,Turmeric,14399.68,India
2010-04-01,Turmeric,11561.25,India
2010-03-01,Turmeric,9558.45,India
2010-02-01,Turmeric,9165.23,India
2010-01-01,Turmeric,9507.19,India
2025-03-01,Groundnut,5533.27,India
2025-02-01,Groundnut,5375.56,India
2025-01-01,Groundnut,5457.95,India
2024-12-01,Groundnut,5441.32,India
2024-11-01,Groundnut,5422.66,India
2024-10-01,Groundnut,5505.9,India
2024-09-01,Groundnut,5695.31,India
2024-08-01,Groundnut,5977.64,India
2024-07-01,Groundnut,5931.91,India
2024-06-01,Groundnut,6017.49,India
2024-05-01,Groundnut,6139.13,India
2024-04-01,Groundnut,6252.31,India
2024-03-01,Groundnut,6162.43,India
2024-02-01,Groundnut,6248.49,India
2024-01-01,Groundnut,6530.74,India
2023-12-01,Groundnut,6569.83,India
2023-11-01,Groundnut,6422.99,India
2023-10-01,Groundnut,6284.34,India
2023-09-01,Groundnut,6493.82,India
2023-08-01,Groundnut,6923.16,India
2023-07-01,Groundnut,6862.93,India
2023-06-01,Groundnut,6388.5,India
2023-05-01,Groundnut,6467.82,India
2023-04-01,Groundnut,6611.59,India
2023-03-01,Groundnut,6745.34,India
2023-02-01,Groundnut,6782.97,India
2023-01-01,Groundnut,6484.12,India
2022-12-01,Groundnut,6183.83,India
2022-11-01,Groundnut,5902.97,India
2022-10-01,Groundnut,5897.38,India
2022-09-01,Groundnut,5986.07,India
2022-08-01,Groundnut,6006.9,India
2022-07-01,Groundnut,5931.24,India
2022-06-01,Groundnut,5767.18,India
2022-05-01,Groundnut,5821.62,India
2022-04-01,Groundnut,5915.57,India
2022-03-01,Groundnut,5920.57,India
2022-02-01,Groundnut,5489.5,India
2022-01-01,Groundnut,5494.99,India
2021-12-01,Groundnut,5493.06,India
2021-11-01,Groundnut,5431.64,India
2021-10-01,Groundnut,5350.25,India
2021-09-01,Groundnut,5611.95,India
2021-08-01,Groundnut,5634.64,India
2021-07-01,Groundnut,5217.33,India
2021-06-01,Groundnut,5125.72,India
2021-05-01,Groundnut,5333.88,India
2021-04-01,Groundnut,5678.78,India
2021-03-01,Groundnut,6022.29,India
2021-02-01,Groundnut,5611.9,India
2021-01-01,Groundnut,5248.37,India
2020-12-01,Groundnut,5028.08,India
2020-11-01,Groundnut,4792.13,India
2020-10-01,Groundnut,4631.2,India
2020-09-01,Groundnut,4593.17,India
2020-08-01,Groundnut,5151.01,India
2020-07-01,Groundnut,5285.33,India
2020-06-01,Groundnut,5243.55,India
2020-05-01,Groundnut,5381.72,India
2020-04-01,Groundnut,5785.38,India
2020-03-01,Groundnut,5334.0,India
2020-02-01,Groundnut,4854.33,India
2020-01-01,Groundnut,4631.8,India
2019-12-01,Groundnut,4514.95,India
2019-11-01,Groundnut,4540.65,India
2019-10-01,Groundnut,5060.26,India
2019-09-01,Groundnut,5671.69,India
2019-08-01,Groundnut,5501.28,India
2019-07-01,Groundnut,5428.57,India
2019-06-01,Groundnut,5244.43,India
2019-05-01,Groundnut,5055.92,India
2019-04-01,Groundnut,4740.31,India
2019-03-01,Groundnut,4482.65,India
2019-02-01,Groundnut,4394.74,India
2019-01-01,Groundnut,4271.97,India
2018-12-01,Groundnut,4259.2,India
2018-11-01,Groundnut,4335.7,India
2018-10-01,Groundnut,4214.42,India
2018-09-01,Groundnut,4131.13,India
2018-08-01,Groundnut,4082.26,India
2018-07-01,Groundnut,3745.22,India
2018-06-01,Groundnut,3624.25,India
2018-05-01,Groundnut,3661.29,India
2018-04-01,Groundnut,3770.87,India
2018-03-01,Groundnut,3890.13,India
2018-02-01,Groundnut,3898.1,India
2018-01-01,Groundnut,3923.99,India
2017-12-01,Groundnut,4001.41,India
2017-11-01,Groundnut,3925.98,India
2017-10-01,Groundnut,4021.19,India
2017-09-01,Groundnut,3987.48,India
2017-08-01,Groundnut,4266.26,India
2017-07-01,Groundnut,4399.93,India
2017-06-01,Groundnut,4461.43,India
2017-05-01,Groundnut,4788.47,India
2017-04-01,Groundnut,4935.49,India
2017-03-01,Groundnut,4817.96,India
2017-02-01,Groundnut,4460.56,India
2017-01-01,Groundnut,4475.27,India
2016-12-01,Groundnut,4378.24,India
2016-11-01,Groundnut,4409.04,India
2016-10-01,Groundnut,4456.1,India
2016-09-01,Groundnut,4710.31,India
2016-08-01,Groundnut,5240.95,India
2016-07-01,Groundnut,5279.69,India
2016-06-01,Groundnut,5235.79,India
2016-05-01,Groundnut,5074.79,India
2016-04-01,Groundnut,4887.89,India
2016-03-01,Groundnut,4648.58,India
2016-02-01,Groundnut,4424.2,India
2016-01-01,Groundnut,4347.25,India
2015-12-01,Groundnut,4238.32,India
2015-11-01,Groundnut,4155.82,India
2015-10-01,Groundnut,4413.58,India
2015-09-01,Groundnut,4932.88,India
2015-08-01,Groundnut,4857.92,India
2015-07-01,Groundnut,4797.52,India
2015-06-01,Groundnut,4816.66,India
2015-05-01,Groundnut,4612.66,India
2015-04-01,Groundnut,4375.64,India
2015-03-01,Groundnut,4295.3,India
2015-02-01,Groundnut,4241.66,India
2015-01-01,Groundnut,4048.27,India
2014-12-01,Groundnut,3770.58,India
2014-11-01,Groundnut,3773.4,India
2014-10-01,Groundnut,3921.19,India
2014-09-01,Groundnut,3991.29,India
2014-08-01,Groundnut,3968.91,India
2014-07-01,Groundnut,3675.98,India
2014-06-01,Groundnut,3542.85,India
2014-05-01,Groundnut,3590.61,India
2014-04-01,Groundnut,3515.34,India
2014-03-01,Groundnut,3429.96,India
2014-02-01,Groundnut,3453.18,India
2014-01-01,Groundnut,3477.4,India
2013-12-01,Groundnut,3646.6,India
2013-11-01,Groundnut,3713.05,India
2013-10-01,Groundnut,3524.06,India
2013-09-01,Groundnut,3614.05,India
2013-08-01,Groundnut,3814.76,India
2013-07-01,Groundnut,3953.46,India
2013-06-01,Groundnut,4136.28,India
2013-05-01,Groundnut,4356.49,India
2013-04-01,Groundnut,4487.56,India
2013-03-01,Groundnut,4503.89,India
2013-02-01,Groundnut,4670.25,India
2013-01-01,Groundnut,4744.37,India
2012-12-01,Groundnut,4859.07,India
2012-11-01,Groundnut,4790.87,India
2012-10-01,Groundnut,4499.49,India
2012-09-01,Groundnut,4360.07,India
2012-08-01,Groundnut,4497.28,India
2012-07-01,Groundnut,4305.29,India
2012-06-01,Groundnut,4123.09,India
2012-05-01,Groundnut,4114.46,India
2012-04-01,Groundnut,4022.63,India
2012-03-01,Groundnut,4014.14,India
2012-02-01,Groundnut,3816.12,India
2012-01-01,Groundnut,3677.5,India
2011-12-01,Groundnut,3399.42,India
2011-11-01,Groundnut,3247.74,India
2011-10-01,Groundnut,3136.74,India
2011-09-01,Groundnut,3301.76,India
2011-08-01,Groundnut,3413.59,India
2011-07-01,Groundnut,3478.7,India
2011-06-01,Groundnut,3467.94,India
2011-05-01,Groundnut,3333.94,India
2011-04-01,Groundnut,3259.93,India
2011-03-01,Groundnut,3110.1,India
2011-02-01,Groundnut,3011.07,India
2011-01-01,Groundnut,2989.14,India
2010-12-01,Groundnut,2904.93,India
2010-11-01,Groundnut,2898.56,India
2010-10-01,Groundnut,2956.96,India
2010-09-01,Groundnut,3123.06,India
2010-08-01,Groundnut,3152.54,India
2010-07-01,Groundnut,3140.09,India
2010-06-01,Groundnut,2936.68,India
2010-05-01,Groundnut,2764.5,India
2010-04-01,Groundnut,2763.51,India
2010-03-01,Groundnut,2721.83,India
2010-02-01,Groundnut,2696.37,India
2010-01-01,Groundnut,2666.46,India
2025-03-01,Coconut,5756.94,India
2025-02-01,Coconut,6047.14,India
2025-01-01,Coconut,5940.59,India
2024-12-01,Coconut,5497.94,India
2024-11-01,Coconut,5073.83,India
2024-10-01,Coconut,4928.77,India
2024-09-01,Coconut,4078.0,India
2024-08-01,Coconut,3603.72,India
2024-07-01,Coconut,3194.69,India
2024-06-01,Coconut,1938.67,India
2024-05-01,Coconut,3761.59,India
2024-04-01,Coconut,3898.53,India
2024-03-01,Coconut,3969.96,India
2024-02-01,Coconut,3915.38,India
2024-01-01,Coconut,4231.95,India
2023-12-01,Coconut,4391.8,India
2023-11-01,Coconut,3785.33,India
2023-10-01,Coconut,3596.13,India
2023-09-01,Coconut,3507.73,India
2023-08-01,Coconut,3743.93,India
2023-07-01,Coconut,3760.12,India
2023-06-01,Coconut,3925.9,India
2023-05-01,Coconut,3754.15,India
2023-04-01,Coconut,3791.21,India
2023-03-01,Coconut,4277.03,India
2023-02-01,Coconut,3981.14,India
2023-01-01,Coconut,4006.85,India
2022-12-01,Coconut,3991.61,India
2022-11-01,Coconut,3886.8,India
2022-10-01,Coconut,3812.36,India
2022-09-01,Coconut,4080.8,India
2022-08-01,Coconut,3949.23,India
2022-07-01,Coconut,3940.78,India
2022-06-01,Coconut,4223.29,India
2022-05-01,Coconut,4145.36,India
2022-04-01,Coconut,4329.54,India
2022-03-01,Coconut,4211.98,India
2022-02-01,Coconut,4105.41,India
2022-01-01,Coconut,4312.17,India
2021-12-01,Coconut,4811.19,India
2021-11-01,Coconut,4472.18,India
2021-10-01,Coconut,4419.24,India
2021-09-01,Coconut,4614.2,India
2021-08-01,Coconut,4908.15,India
2021-07-01,Coconut,4548.28,India
2021-06-01,Coconut,4019.63,India
2021-05-01,Coconut,3887.36,India
2021-04-01,Coconut,4935.18,India
2021-03-01,Coconut,5396.21,India
2021-02-01,Coconut,5272.95,India
2021-01-01,Coconut,6194.39,India
2020-12-01,Coconut,6316.08,India
2020-11-01,Coconut,5693.09,India
2020-10-01,Coconut,5743.68,India
2020-09-01,Coconut,5288.55,India
2020-08-01,Coconut,5056.17,India
2020-07-01,Coconut,17097.98,India
2020-06-01,Coconut,15044.19,India
2020-05-01,Coconut,33368.33,India
2020-04-01,Coconut,5815.55,India
2020-03-01,Coconut,11465.45,India
2020-02-01,Coconut,34985.93,India
2020-01-01,Coconut,45412.6,India
2019-12-01,Coconut,33771.93,India
2019-11-01,Coconut,39811.7,India
2019-10-01,Coconut,43351.91,India
2019-09-01,Coconut,28183.26,India
2019-08-01,Coconut,33441.89,India
2019-07-01,Coconut,17624.68,India
2019-06-01,Coconut,11827.9,India
2019-05-01,Coconut,7702.92,India
2019-04-01,Coconut,5495.55,India
2019-03-01,Coconut,6547.63,India
2019-02-01,Coconut,6013.25,India
2019-01-01,Coconut,21332.59,India
2018-12-01,Coconut,13111.4,India
2018-11-01,Coconut,16225.37,India
2018-10-01,Coconut,18875.76,India
2018-09-01,Coconut,8322.44,India
2018-08-01,Coconut,7209.99,India
2018-07-01,Coconut,6849.31,India
2018-06-01,Coconut,6338.58,India
2018-05-01,Coconut,6417.7,India
2018-04-01,Coconut,5977.36,India
2018-03-01,Coconut,6841.18,India
2018-02-01,Coconut,7039.8,India
2018-01-01,Coconut,7092.66,India
2017-12-01,Coconut,7093.23,India
2017-11-01,Coconut,6759.09,India
2017-10-01,Coconut,6393.45,India
2017-09-01,Coconut,5816.11,India
2017-08-01,Coconut,5477.33,India
2017-07-01,Coconut,5114.42,India
2017-06-01,Coconut,5745.26,India
2017-05-01,Coconut,5921.77,India
2017-04-01,Coconut,12571.22,India
2017-03-01,Coconut,4677.61,India
2017-02-01,Coconut,4517.4,India
2017-01-01,Coconut,7898.11,India
2016-12-01,Coconut,3948.84,India
2016-11-01,Coconut,7180.92,India
2016-10-01,Coconut,5535.57,India
2016-09-01,Coconut,5285.95,India
2016-08-01,Coconut,3663.18,India
2016-07-01,Coconut,3502.41,India
2016-06-01,Coconut,3684.68,India
2016-05-01,Coconut,3811.79,India
2016-04-01,Coconut,11637.19,India
2016-03-01,Coconut,4119.43,India
2016-02-01,Coconut,4010.99,India
2016-01-01,Coconut,5501.63,India
2015-12-01,Coconut,7389.26,India
2015-11-01,Coconut,13509.03,India
2015-10-01,Coconut,9478.62,India
2015-09-01,Coconut,8316.5,India
2015-08-01,Coconut,5409.96,India
2015-07-01,Coconut,5042.63,India
2015-06-01,Coconut,5176.22,India
2015-05-01,Coconut,5401.64,India
2015-04-01,Coconut,5612.26,India
2015-03-01,Coconut,5572.48,India
2015-02-01,Coconut,5484.35,India
2015-01-01,Coconut,6806.16,India
2014-12-01,Coconut,15242.78,India
2014-11-01,Coconut,24425.85,India
2014-10-01,Coconut,18148.58,India
2014-09-01,Coconut,18212.24,India
2014-08-01,Coconut,11678.59,India
2014-07-01,Coconut,5203.94,India
2014-06-01,Coconut,5018.88,India
2014-05-01,Coconut,4868.71,India
2014-04-01,Coconut,4497.24,India
2014-03-01,Coconut,4882.23,India
2014-02-01,Coconut,4601.89,India
2014-01-01,Coconut,4457.62,India
2013-12-01,Coconut,3804.4,India
2013-11-01,Coconut,3763.62,India
2013-10-01,Coconut,3453.66,India
2013-09-01,Coconut,3306.08,India
2013-08-01,Coconut,3016.44,India
2013-07-01,Coconut,3616.8,India
2013-06-01,Coconut,3618.64,India
2013-05-01,Coconut,3446.46,India
2013-04-01,Coconut,3563.39,India
2013-03-01,Coconut,3576.47,India
2013-02-01,Coconut,3382.42,India
2013-01-01,Coconut,3394.23,India
2012-12-01,Coconut,3174.07,India
2012-11-01,Coconut,3159.51,India
2012-10-01,Coconut,3104.97,India
2012-09-01,Coconut,3163.97,India
2012-08-01,Coconut,3356.72,India
2012-07-01,Coconut,3243.04,India
2012-06-01,Coconut,3138.32,India
2012-05-01,Coconut,3116.03,India
2012-04-01,Coconut,3566.62,India
2012-03-01,Coconut,3433.51,India
2012-02-01,Coconut,3489.51,India
2012-01-01,Coconut,3766.28,India
2011-12-01,Coconut,3895.12,India
2011-11-01,Coconut,4928.63,India
2011-10-01,Coconut,4197.4,India
2011-09-01,Coconut,4257.95,India
2011-08-01,Coconut,4468.11,India
2011-07-01,Coconut,4308.42,India
2011-06-01,Coconut,4517.1,India
2011-05-01,Coconut,4458.83,India
2011-04-01,Coconut,4430.82,India
2011-03-01,Coconut,3803.09,India
2011-02-01,Coconut,4110.97,India
2011-01-01,Coconut,3668.53,India
2010-12-01,Coconut,3996.24,India
2010-11-01,Coconut,3347.17,India
2010-10-01,Coconut,3460.12,India
2010-09-01,Coconut,3117.85,India
2010-08-01,Coconut,3059.2,India
2010-07-01,Coconut,2995.53,India
2010-06-01,Coconut,3073.12,India
2010-05-01,Coconut,3093.35,India
2010-04-01,Coconut,3126.97,India
2010-03-01,Coconut,2988.44,India
2010-02-01,Coconut,15745.7,India
2010-01-01,Coconut,3169.0,India
